date,location,event_name,drum_corps,general_effect1_judge,general_effect2_judge,visual_proficiency_judge,visual_analysis_judge,visual_color_guard_judge,music_brass_judge,music_analysis_judge,music_percussion_judge,general_effect1_score,general_effect2_score,general_effect_total_score,visual_proficiency_score,visual_analysis_score,visual_color_guard_score,visual_total_score,music_brass_score,music_analysis_score,music_percussion_score,music_total_score,total_score
2023-06-28,"Rockford, MI",Midwest Premiere,Troopers,Jack Pursifull,Ken Turner,Juno Orefice,Blair Kuhn,Tim Landess,Chris Marra,Jay Kennedy,Mike Leitzke,12.80,14.70,27.50,12.80,13.40,12.70,19.45,12.60,14.20,12.80,19.80,66.75
2023-06-28,"Rockford, MI",Midwest Premiere,Colts,Jack Pursifull,Ken Turner,Juno Orefice,Blair Kuhn,Tim Landess,Chris Marra,Jay Kennedy,Mike Leitzke,13.00,13.50,26.50,12.50,13.30,13.30,19.55,12.50,13.70,12.30,19.25,65.3
2023-06-28,"Rockford, MI",Midwest Premiere,Phantom Regiment,Jack Pursifull,Ken Turner,Juno Orefice,Blair Kuhn,Tim Landess,Chris Marra,Jay Kennedy,Mike Leitzke,14.20,14.90,29.10,13.20,14.10,14.50,20.90,14.20,15.20,13.20,21.30,71.3
2023-06-28,"Rockford, MI",Midwest Premiere,Blue Stars,Jack Pursifull,Ken Turner,Juno Orefice,Blair Kuhn,Tim Landess,Chris Marra,Jay Kennedy,Mike Leitzke,13.80,14.30,28.10,13.70,13.90,14.60,21.10,13.70,14.60,13.10,20.70,69.9
2023-06-30,"Muncie, IN",DCI Central Indiana,Colts,Jack Pursifull,Darrin Davis,Mike Tarr,Blair Kuhn,Tim Landess,Beth Fabrizio,Nola Jones,Jay Webb,13.10,12.90,26.00,12.70,13.30,13.30,19.65,12.90,14.40,13.10,20.20,65.85
2023-06-30,"Muncie, IN",DCI Central Indiana,Troopers,Jack Pursifull,Darrin Davis,Mike Tarr,Blair Kuhn,Tim Landess,Beth Fabrizio,Nola Jones,Jay Webb,13.40,13.10,26.50,13.10,13.50,12.90,19.75,13.00,14.90,12.60,20.25,66.5
2023-06-30,"Muncie, IN",DCI Central Indiana,Blue Stars,Jack Pursifull,Darrin Davis,Mike Tarr,Blair Kuhn,Tim Landess,Beth Fabrizio,Nola Jones,Jay Webb,14.10,14.00,28.10,14.00,14.20,14.70,21.45,13.60,14.80,13.40,20.90,70.45
2023-06-30,"Muncie, IN",DCI Central Indiana,The Cavaliers,Jack Pursifull,Darrin Davis,Mike Tarr,Blair Kuhn,Tim Landess,Beth Fabrizio,Nola Jones,Jay Webb,14.30,13.70,28.00,12.80,14.00,14.50,20.65,14.00,15.00,13.90,21.45,70.1
2023-06-30,"Muncie, IN",DCI Central Indiana,Phantom Regiment,Jack Pursifull,Darrin Davis,Mike Tarr,Blair Kuhn,Tim Landess,Beth Fabrizio,Nola Jones,Jay Webb,14.70,14.30,29.00,14.20,14.60,14.80,21.80,14.40,15.30,13.80,21.75,72.55
2023-06-30,"Muncie, IN",DCI Central Indiana,Carolina Crown,Jack Pursifull,Darrin Davis,Mike Tarr,Blair Kuhn,Tim Landess,Beth Fabrizio,Nola Jones,Jay Webb,15.10,14.80,29.90,14.60,15.00,15.50,22.55,14.80,15.90,14.40,22.55,75.0
2023-07-01,"Vista, CA",Corps at the Crest - San Diego,The Academy,Timothy Ochran,Wayne Dillon,Robert Solomon,Carl Nelson,Jim Sturgeon,Mark McGahey,Caleb Rothe,Allan Kristensen,14.30,12.70,27.00,12.80,13.10,12.90,19.40,12.60,12.40,13.30,19.15,65.55
2023-07-01,"Vista, CA",Corps at the Crest - San Diego,Mandarins,Timothy Ochran,Wayne Dillon,Robert Solomon,Carl Nelson,Jim Sturgeon,Mark McGahey,Caleb Rothe,Allan Kristensen,15.00,14.20,29.20,13.60,14.50,14.90,21.50,13.20,14.00,13.80,20.50,71.2
2023-07-01,"Vista, CA",Corps at the Crest - San Diego,Blue Devils,Timothy Ochran,Wayne Dillon,Robert Solomon,Carl Nelson,Jim Sturgeon,Mark McGahey,Caleb Rothe,Allan Kristensen,16.00,15.30,31.30,15.30,15.40,15.60,23.15,14.70,15.30,15.70,22.85,77.3
2023-07-01,"Vista, CA",Corps at the Crest - San Diego,Pacific Crest,Timothy Ochran,Wayne Dillon,Robert Solomon,Carl Nelson,Jim Sturgeon,Mark McGahey,Caleb Rothe,Allan Kristensen,14.00,12.60,26.60,11.80,12.10,13.00,18.45,12.40,12.50,13.10,19.00,64.05
2023-07-01,"Madison, WI",Drums on Parade,Troopers,Shirl Chumley,Jodie Rhodes,Kim Kuhn,Mike Tarr,Debbie Torchia,Andrew Cook,Beth Fabrizio,Julie Davila,13.10,13.30,26.40,13.00,13.90,13.00,19.95,13.60,15.30,13.10,21.00,67.35
2023-07-01,"Madison, WI",Drums on Parade,Colts,Shirl Chumley,Jodie Rhodes,Kim Kuhn,Mike Tarr,Debbie Torchia,Andrew Cook,Beth Fabrizio,Julie Davila,13.50,12.60,26.10,12.80,13.60,13.50,19.95,13.30,15.00,12.00,20.15,66.2
2023-07-01,"Madison, WI",Drums on Parade,Blue Stars,Shirl Chumley,Jodie Rhodes,Kim Kuhn,Mike Tarr,Debbie Torchia,Andrew Cook,Beth Fabrizio,Julie Davila,14.00,14.10,28.10,14.20,14.40,14.50,21.55,14.10,15.50,12.30,20.95,70.6
2023-07-01,"Madison, WI",Drums on Parade,Madison Scouts,Shirl Chumley,Jodie Rhodes,Kim Kuhn,Mike Tarr,Debbie Torchia,Andrew Cook,Beth Fabrizio,Julie Davila,13.00,12.40,25.40,13.30,12.90,12.30,19.25,13.20,14.50,12.60,20.15,64.8
2023-07-01,"Lynn, MA",The Beanpot,The Cadets,George Oliviero,Jay Kennedy,Chris Raichle,Kyle Miller,Greg Llacer,Jager Loyde,Kyle Young,Charles Poole,14.40,15.20,29.60,14.60,14.10,14.30,21.50,15.30,14.80,15.20,22.65,73.75
2023-07-01,"Lynn, MA",The Beanpot,Boston Crusaders,George Oliviero,Jay Kennedy,Chris Raichle,Kyle Miller,Greg Llacer,Jager Loyde,Kyle Young,Charles Poole,15.40,15.90,31.30,15.20,14.50,15.60,22.65,15.60,15.20,15.60,23.20,77.15
2023-07-02,"Lisle, IL",Cavalcade of Brass,Madison Scouts,Mike Tarr,Nola Jones,Shirl Chumley,Debbie Torchia,Kim Kuhn,Beth Fabrizio,Jodie Rhodes,Julie Davila,13.40,13.70,27.10,14.00,13.50,12.30,19.90,13.70,13.20,13.00,19.95,66.95
2023-07-02,"Lisle, IL",Cavalcade of Brass,Colts,Mike Tarr,Nola Jones,Shirl Chumley,Debbie Torchia,Kim Kuhn,Beth Fabrizio,Jodie Rhodes,Julie Davila,14.00,14.20,28.20,13.80,13.90,13.10,20.40,13.80,13.80,13.70,20.65,69.25
2023-07-02,"Lisle, IL",Cavalcade of Brass,Phantom Regiment,Mike Tarr,Nola Jones,Shirl Chumley,Debbie Torchia,Kim Kuhn,Beth Fabrizio,Jodie Rhodes,Julie Davila,15.00,15.30,30.30,14.50,15.00,14.90,22.20,15.00,14.50,13.50,21.50,74.0
2023-07-02,"Lisle, IL",Cavalcade of Brass,Carolina Crown,Mike Tarr,Nola Jones,Shirl Chumley,Debbie Torchia,Kim Kuhn,Beth Fabrizio,Jodie Rhodes,Julie Davila,15.80,16.10,31.90,14.90,15.50,15.80,23.10,15.30,15.30,15.30,22.95,77.95
2023-07-02,"Lisle, IL",Cavalcade of Brass,The Cavaliers,Mike Tarr,Nola Jones,Shirl Chumley,Debbie Torchia,Kim Kuhn,Beth Fabrizio,Jodie Rhodes,Julie Davila,14.40,14.80,29.20,13.70,14.60,14.40,21.35,14.30,14.20,14.50,21.50,72.05
2023-07-02,"Quincy, MA",DCI East Coast Showcase - Quincy,The Cadets,Greg Llacer,Jager Loyde,Kyle Miller,George Oliviero,Jackie Campbell,Kyle Young,Jay Kennedy,Peter Furnari,14.60,15.00,29.60,14.80,14.90,14.60,22.15,14.80,15.50,15.70,23.00,74.75
2023-07-02,"Quincy, MA",DCI East Coast Showcase - Quincy,Boston Crusaders,Greg Llacer,Jager Loyde,Kyle Miller,George Oliviero,Jackie Campbell,Kyle Young,Jay Kennedy,Peter Furnari,15.40,16.00,31.40,15.10,15.80,15.40,23.15,15.50,16.00,16.50,24.00,78.55
2023-07-02,"San Bernardino, CA",Western Corps Connection,Pacific Crest,Jim Sturgeon,Mark McGahey,Carl Nelson,Timothy Ochran,Robert Solomon,Wayne Dillon,Allan Kristensen,Caleb Rothe,13.20,12.60,25.80,12.10,13.10,12.60,18.90,12.90,13.30,12.70,19.45,64.15
2023-07-02,"San Bernardino, CA",Western Corps Connection,The Academy,Jim Sturgeon,Mark McGahey,Carl Nelson,Timothy Ochran,Robert Solomon,Wayne Dillon,Allan Kristensen,Caleb Rothe,13.00,13.20,26.20,12.80,13.60,12.70,19.55,13.30,13.40,12.50,19.60,65.35
2023-07-02,"San Bernardino, CA",Western Corps Connection,Mandarins,Jim Sturgeon,Mark McGahey,Carl Nelson,Timothy Ochran,Robert Solomon,Wayne Dillon,Allan Kristensen,Caleb Rothe,15.30,14.70,30.00,13.90,14.60,14.60,21.55,14.80,14.60,13.90,21.65,73.2
2023-07-02,"San Bernardino, CA",Western Corps Connection,Blue Devils,Jim Sturgeon,Mark McGahey,Carl Nelson,Timothy Ochran,Robert Solomon,Wayne Dillon,Allan Kristensen,Caleb Rothe,16.00,15.70,31.70,15.70,16.10,15.50,23.65,15.70,16.20,15.70,23.80,79.15
2023-07-03,"Mesa, AZ",Drums Across the Desert,Mandarins,Timothy Ochran,Wayne Dillon,Robert Solomon,Rob Jett,Ed Martinez,Mike Rubino,Phillip Haines,Allan Kristensen,15.00,14.60,29.60,14.60,15.30,14.80,22.35,15.20,14.50,14.50,22.10,74.05
2023-07-03,"Mesa, AZ",Drums Across the Desert,Blue Devils,Timothy Ochran,Wayne Dillon,Robert Solomon,Rob Jett,Ed Martinez,Mike Rubino,Phillip Haines,Allan Kristensen,16.10,15.80,31.90,16.00,16.20,15.80,24.00,16.20,16.10,16.10,24.20,80.1
2023-07-03,"Mesa, AZ",Drums Across the Desert,The Academy,Timothy Ochran,Wayne Dillon,Robert Solomon,Rob Jett,Ed Martinez,Mike Rubino,Phillip Haines,Allan Kristensen,14.00,13.10,27.10,13.40,14.10,12.60,20.05,13.10,13.00,13.40,19.75,66.9
2023-07-03,"Cedarburg, WI",Rotary Music Festival,Madison Scouts,Debbie Torchia,Beth Fabrizio,Mike Tarr,Shirl Chumley,Kim Kuhn,Chad Armbruster,Jodie Rhodes,Troy Hall,14.00,14.10,28.10,14.30,14.60,13.00,20.95,13.80,14.20,13.30,20.65,69.7
2023-07-03,"Cedarburg, WI",Rotary Music Festival,Troopers,Debbie Torchia,Beth Fabrizio,Mike Tarr,Shirl Chumley,Kim Kuhn,Chad Armbruster,Jodie Rhodes,Troy Hall,15.10,15.60,30.70,14.60,13.50,12.90,20.50,14.10,14.40,14.20,21.35,72.55
2023-07-03,"Cedarburg, WI",Rotary Music Festival,The Cavaliers,Debbie Torchia,Beth Fabrizio,Mike Tarr,Shirl Chumley,Kim Kuhn,Chad Armbruster,Jodie Rhodes,Troy Hall,14.80,15.10,29.90,14.20,14.20,14.80,21.60,14.50,14.30,15.20,22.00,73.5
2023-07-03,"Cedarburg, WI",Rotary Music Festival,Blue Stars,Debbie Torchia,Beth Fabrizio,Mike Tarr,Shirl Chumley,Kim Kuhn,Chad Armbruster,Jodie Rhodes,Troy Hall,15.30,15.00,30.30,15.00,15.40,14.90,22.65,14.40,14.80,13.60,21.40,74.35
2023-07-03,"Cedarburg, WI",Rotary Music Festival,Phantom Regiment,Debbie Torchia,Beth Fabrizio,Mike Tarr,Shirl Chumley,Kim Kuhn,Chad Armbruster,Jodie Rhodes,Troy Hall,15.80,16.00,31.80,15.30,14.90,15.20,22.70,15.10,15.40,13.70,22.10,76.6
2023-07-05,"Mason, OH",Summer Music Games in Cincinnati,Music City,John Howell,Jay Webb,Bruce Jones,Blair Kuhn,Tim Hudnall,Andrew Cook,Bryan Crisp,Mike Davis,13.10,13.10,26.20,13.30,12.70,12.70,19.35,13.50,14.30,13.60,20.70,66.25
2023-07-05,"Mason, OH",Summer Music Games in Cincinnati,Troopers,John Howell,Jay Webb,Bruce Jones,Blair Kuhn,Tim Hudnall,Andrew Cook,Bryan Crisp,Mike Davis,14.40,14.20,28.60,14.80,14.60,13.20,21.30,14.40,15.00,14.90,22.15,72.05
2023-07-05,"Mason, OH",Summer Music Games in Cincinnati,Carolina Crown,John Howell,Jay Webb,Bruce Jones,Blair Kuhn,Tim Hudnall,Andrew Cook,Bryan Crisp,Mike Davis,15.90,15.80,31.70,15.80,16.50,16.10,24.20,16.00,16.70,15.80,24.25,80.15
2023-07-05,"Mason, OH",Summer Music Games in Cincinnati,Boston Crusaders,John Howell,Jay Webb,Bruce Jones,Blair Kuhn,Tim Hudnall,Andrew Cook,Bryan Crisp,Mike Davis,15.70,15.90,31.60,15.40,16.60,16.20,24.10,15.80,16.30,16.00,24.05,79.75
2023-07-05,"Mason, OH",Summer Music Games in Cincinnati,Bluecoats,John Howell,Jay Webb,Bruce Jones,Blair Kuhn,Tim Hudnall,Andrew Cook,Bryan Crisp,Mike Davis,16.00,16.10,32.10,15.60,16.40,15.70,23.85,15.60,16.10,16.10,23.90,79.85
2023-07-07,"Fresno, CA",MidCal Champions Showcase,Pacific Crest,Warren Rickart,Darrin Davis,Tim Pierce,Phil Madden,Michael Turner,Gerry Miller,Chris Romanowski,Allan Kristensen,13.80,13.10,26.90,12.90,14.40,14.00,20.65,13.30,13.50,14.10,20.45,68.0
2023-07-07,"Fresno, CA",MidCal Champions Showcase,Mandarins,Warren Rickart,Darrin Davis,Tim Pierce,Phil Madden,Michael Turner,Gerry Miller,Chris Romanowski,Allan Kristensen,15.90,14.60,30.50,14.70,15.60,15.20,22.75,15.40,14.30,15.00,22.35,75.6
2023-07-07,"Fresno, CA",MidCal Champions Showcase,Blue Knights,Warren Rickart,Darrin Davis,Tim Pierce,Phil Madden,Michael Turner,Gerry Miller,Chris Romanowski,Allan Kristensen,15.10,13.90,29.00,14.10,15.00,13.90,21.50,14.90,13.70,14.20,21.40,71.9
2023-07-07,"Fresno, CA",MidCal Champions Showcase,Blue Devils,Warren Rickart,Darrin Davis,Tim Pierce,Phil Madden,Michael Turner,Gerry Miller,Chris Romanowski,Allan Kristensen,16.70,16.20,32.90,16.60,16.20,16.20,24.50,16.40,16.30,16.30,24.50,81.9
2023-07-07,"DeKalb, IL",Midwest Classic,Genesis,Michael Thompson,Mark McGahey,Chris Moss,Sal Adamo,Ira Jenkins,Jeff Harper,Jay Kennedy,Jeff Brooks,12.90,13.10,26.00,13.50,13.10,12.60,19.60,13.40,13.30,12.90,19.80,65.4
2023-07-07,"DeKalb, IL",Midwest Classic,Madison Scouts,Michael Thompson,Mark McGahey,Chris Moss,Sal Adamo,Ira Jenkins,Jeff Harper,Jay Kennedy,Jeff Brooks,14.10,14.20,28.30,14.70,14.00,13.40,21.05,14.40,14.80,13.90,21.55,70.9
2023-07-07,"DeKalb, IL",Midwest Classic,Crossmen,Michael Thompson,Mark McGahey,Chris Moss,Sal Adamo,Ira Jenkins,Jeff Harper,Jay Kennedy,Jeff Brooks,13.80,13.80,27.60,14.40,15.20,13.80,21.70,13.80,14.60,14.30,21.35,70.65
2023-07-07,"DeKalb, IL",Midwest Classic,Troopers,Michael Thompson,Mark McGahey,Chris Moss,Sal Adamo,Ira Jenkins,Jeff Harper,Jay Kennedy,Jeff Brooks,15.40,14.70,30.10,15.30,14.30,13.30,21.45,15.10,15.80,15.20,23.05,74.6
2023-07-07,"DeKalb, IL",Midwest Classic,Colts,Michael Thompson,Mark McGahey,Chris Moss,Sal Adamo,Ira Jenkins,Jeff Harper,Jay Kennedy,Jeff Brooks,15.10,14.40,29.50,14.60,14.90,14.70,22.10,14.10,14.70,15.30,22.05,73.65
2023-07-07,"DeKalb, IL",Midwest Classic,The Cavaliers,Michael Thompson,Mark McGahey,Chris Moss,Sal Adamo,Ira Jenkins,Jeff Harper,Jay Kennedy,Jeff Brooks,15.60,14.90,30.50,14.50,15.60,15.00,22.55,15.30,15.30,16.00,23.30,76.35
2023-07-07,"DeKalb, IL",Midwest Classic,Blue Stars,Michael Thompson,Mark McGahey,Chris Moss,Sal Adamo,Ira Jenkins,Jeff Harper,Jay Kennedy,Jeff Brooks,15.80,15.40,31.20,15.20,15.90,15.40,23.25,15.20,15.10,14.10,22.20,76.65
2023-07-07,"DeKalb, IL",Midwest Classic,Boston Crusaders,Michael Thompson,Mark McGahey,Chris Moss,Sal Adamo,Ira Jenkins,Jeff Harper,Jay Kennedy,Jeff Brooks,16.50,16.10,32.60,15.80,16.60,16.30,24.35,16.20,16.40,16.10,24.35,81.3
2023-07-07,"DeKalb, IL",Midwest Classic,Phantom Regiment,Michael Thompson,Mark McGahey,Chris Moss,Sal Adamo,Ira Jenkins,Jeff Harper,Jay Kennedy,Jeff Brooks,16.10,15.60,31.70,14.80,16.30,15.60,23.35,16.00,15.70,15.10,23.40,78.45
2023-07-08,"Lexington, SC",CrownBEAT,Spirit of Atlanta,Meghan McCourt,Dave Carbone,Jeremy Tate,Keith Baker,Damon Padilla,Mark McGahey,Jeff Harper,Jeff Brooks,14.00,14.00,28.00,14.70,14.10,13.70,21.25,14.20,14.20,14.10,21.25,70.5
2023-07-08,"Lexington, SC",CrownBEAT,Music City,Meghan McCourt,Dave Carbone,Jeremy Tate,Keith Baker,Damon Padilla,Mark McGahey,Jeff Harper,Jeff Brooks,13.80,13.10,26.90,13.80,12.60,13.50,19.95,13.50,14.00,14.80,21.15,68.0
2023-07-08,"Lexington, SC",CrownBEAT,The Cadets,Meghan McCourt,Dave Carbone,Jeremy Tate,Keith Baker,Damon Padilla,Mark McGahey,Jeff Harper,Jeff Brooks,15.10,15.10,30.20,15.30,15.10,15.50,22.95,15.50,15.20,15.90,23.30,76.45
2023-07-08,"Lexington, SC",CrownBEAT,Bluecoats,Meghan McCourt,Dave Carbone,Jeremy Tate,Keith Baker,Damon Padilla,Mark McGahey,Jeff Harper,Jeff Brooks,16.20,16.30,32.50,16.10,16.40,16.30,24.40,16.00,16.30,16.40,24.35,81.25
2023-07-08,"Lexington, SC",CrownBEAT,Carolina Crown,Meghan McCourt,Dave Carbone,Jeremy Tate,Keith Baker,Damon Padilla,Mark McGahey,Jeff Harper,Jeff Brooks,16.40,16.40,32.80,16.40,16.30,16.40,24.55,16.30,16.40,16.00,24.35,81.7
2023-07-08,"Pasadena, CA",Drum Corps at the Rose Bowl,The Academy,Phil Madden,Gerry Miller,Michael Turner,Tim Pierce,Warren Rickart,Darrin Davis,Chris Rapacki,Chris Romanowski,15.30,13.80,29.10,13.90,13.90,14.40,21.10,13.80,14.20,13.80,20.90,71.1
2023-07-08,"Pasadena, CA",Drum Corps at the Rose Bowl,Blue Knights,Phil Madden,Gerry Miller,Michael Turner,Tim Pierce,Warren Rickart,Darrin Davis,Chris Rapacki,Chris Romanowski,14.80,15.10,29.90,14.10,14.60,13.90,21.30,14.30,14.60,13.60,21.25,72.45
2023-07-08,"Pasadena, CA",Drum Corps at the Rose Bowl,Mandarins,Phil Madden,Gerry Miller,Michael Turner,Tim Pierce,Warren Rickart,Darrin Davis,Chris Rapacki,Chris Romanowski,15.70,16.00,31.70,15.70,15.90,15.60,23.60,15.30,15.20,15.00,22.75,78.05
2023-07-08,"Pasadena, CA",Drum Corps at the Rose Bowl,Pacific Crest,Phil Madden,Gerry Miller,Michael Turner,Tim Pierce,Warren Rickart,Darrin Davis,Chris Rapacki,Chris Romanowski,14.70,14.10,28.80,14.30,14.20,14.00,21.25,13.60,14.50,14.00,21.05,71.1
2023-07-08,"Pasadena, CA",Drum Corps at the Rose Bowl,Blue Devils,Phil Madden,Gerry Miller,Michael Turner,Tim Pierce,Warren Rickart,Darrin Davis,Chris Rapacki,Chris Romanowski,16.80,16.80,33.60,16.90,17.10,16.90,25.45,16.90,16.30,16.90,25.05,84.1
2023-07-08,"Whitewater, WI",Whitewater Classic,Genesis,Ira Jenkins,Todd Fox,Sal Adamo,Chris Moss,Michael Thompson,Durand Thomas,Chad Armbruster,Tim Mengel,13.10,13.30,26.40,13.20,13.10,13.50,19.90,14.00,13.10,13.20,20.15,66.45
2023-07-08,"Whitewater, WI",Whitewater Classic,Crossmen,Ira Jenkins,Todd Fox,Sal Adamo,Chris Moss,Michael Thompson,Durand Thomas,Chad Armbruster,Tim Mengel,13.90,14.10,28.00,14.10,14.60,14.20,21.45,14.20,14.00,14.80,21.50,70.95
2023-07-08,"Whitewater, WI",Whitewater Classic,Colts,Ira Jenkins,Todd Fox,Sal Adamo,Chris Moss,Michael Thompson,Durand Thomas,Chad Armbruster,Tim Mengel,15.30,14.60,29.90,14.40,15.60,15.50,22.75,14.40,14.90,15.60,22.45,75.1
2023-07-08,"Whitewater, WI",Whitewater Classic,Troopers,Ira Jenkins,Todd Fox,Sal Adamo,Chris Moss,Michael Thompson,Durand Thomas,Chad Armbruster,Tim Mengel,15.50,14.90,30.40,14.90,14.70,14.50,22.05,15.80,15.70,15.50,23.50,75.95
2023-07-08,"Whitewater, WI",Whitewater Classic,The Cavaliers,Ira Jenkins,Todd Fox,Sal Adamo,Chris Moss,Michael Thompson,Durand Thomas,Chad Armbruster,Tim Mengel,15.70,15.30,31.00,15.10,15.10,15.90,23.05,15.30,15.60,16.30,23.60,77.65
2023-07-08,"Whitewater, WI",Whitewater Classic,Blue Stars,Ira Jenkins,Todd Fox,Sal Adamo,Chris Moss,Michael Thompson,Durand Thomas,Chad Armbruster,Tim Mengel,15.90,15.50,31.40,15.30,15.50,16.00,23.40,15.10,15.20,14.20,22.25,77.05
2023-07-08,"Whitewater, WI",Whitewater Classic,Phantom Regiment,Ira Jenkins,Todd Fox,Sal Adamo,Chris Moss,Michael Thompson,Durand Thomas,Chad Armbruster,Tim Mengel,16.20,16.20,32.40,16.10,16.20,16.10,24.20,16.00,15.50,15.30,23.40,80.0
2023-07-08,"Whitewater, WI",Whitewater Classic,Boston Crusaders,Ira Jenkins,Todd Fox,Sal Adamo,Chris Moss,Michael Thompson,Durand Thomas,Chad Armbruster,Tim Mengel,16.60,16.60,33.20,16.40,16.30,16.70,24.70,16.40,16.40,16.50,24.65,82.55
2023-07-08,"Whitewater, WI",Whitewater Classic,Madison Scouts,Ira Jenkins,Todd Fox,Sal Adamo,Chris Moss,Michael Thompson,Durand Thomas,Chad Armbruster,Tim Mengel,14.20,14.30,28.50,14.60,14.20,13.90,21.35,14.90,14.70,14.40,22.00,71.85
2023-07-09,"Macon, GA",DCI Macon,Spirit of Atlanta,Keith Baker,Jeff Harper,Judge,Jeremy Tate,Damon Padilla,Chester Phillips,Mark Hoskins,Dave Carbone,14.30,14.40,28.70,14.90,14.40,14.10,21.70,14.40,14.50,14.60,21.75,72.15
2023-07-09,"Macon, GA",DCI Macon,Music City,Keith Baker,Jeff Harper,Judge,Jeremy Tate,Damon Padilla,Chester Phillips,Mark Hoskins,Dave Carbone,13.20,13.60,26.80,14.20,13.40,13.90,20.75,14.00,14.10,13.50,20.80,68.35
2023-07-09,"Macon, GA",DCI Macon,Carolina Crown,Keith Baker,Jeff Harper,Judge,Jeremy Tate,Damon Padilla,Chester Phillips,Mark Hoskins,Dave Carbone,16.50,16.80,33.30,16.80,16.70,16.60,25.05,16.50,16.60,16.40,24.75,83.1
2023-07-09,"Macon, GA",DCI Macon,The Cadets,Keith Baker,Jeff Harper,Judge,Jeremy Tate,Damon Padilla,Chester Phillips,Mark Hoskins,Dave Carbone,15.30,15.30,30.60,15.60,15.30,15.80,23.35,15.60,15.50,15.90,23.50,77.45
2023-07-09,"Macon, GA",DCI Macon,Bluecoats,Keith Baker,Jeff Harper,Judge,Jeremy Tate,Damon Padilla,Chester Phillips,Mark Hoskins,Dave Carbone,16.70,16.60,33.30,16.50,16.60,16.70,24.90,16.10,16.40,16.50,24.50,82.7
2023-07-09,"Stanford, CA",DCI West,Pacific Crest,Tim Pierce,Darrin Davis,Warren Rickart,Phil Madden,Michael Turner,Gerry Miller,Chris Romanowski,Chris Rapacki,14.70,14.30,29.00,14.30,14.60,14.50,21.70,13.80,14.40,15.10,21.65,72.35
2023-07-09,"Stanford, CA",DCI West,The Academy,Tim Pierce,Darrin Davis,Warren Rickart,Phil Madden,Michael Turner,Gerry Miller,Chris Romanowski,Chris Rapacki,15.10,13.90,29.00,14.70,14.20,14.30,21.60,13.50,14.30,15.00,21.40,72.0
2023-07-09,"Stanford, CA",DCI West,Blue Knights,Tim Pierce,Darrin Davis,Warren Rickart,Phil Madden,Michael Turner,Gerry Miller,Chris Romanowski,Chris Rapacki,15.50,14.10,29.60,14.60,15.20,13.75,21.775,14.70,14.70,14.90,22.15,73.525
2023-07-09,"Stanford, CA",DCI West,Mandarins,Tim Pierce,Darrin Davis,Warren Rickart,Phil Madden,Michael Turner,Gerry Miller,Chris Romanowski,Chris Rapacki,16.20,15.70,31.90,15.90,15.90,15.70,23.75,15.60,15.90,15.60,23.55,79.2
2023-07-09,"Stanford, CA",DCI West,Blue Devils,Tim Pierce,Darrin Davis,Warren Rickart,Phil Madden,Michael Turner,Gerry Miller,Chris Romanowski,Chris Rapacki,17.30,17.00,34.30,17.00,16.90,17.10,25.50,17.00,17.10,16.60,25.35,85.15
2023-07-09,"La Crosse, WI",River City Rhapsody - La Crosse,Genesis,Chris Moss,Durand Thomas,CHRIS CHURCH,Sal Adamo,Michael Thompson,Chad Armbruster,Tim Mengel,Todd Fox,13.70,13.60,27.30,13.20,13.20,13.70,20.05,13.30,13.10,13.40,19.90,67.25
2023-07-09,"La Crosse, WI",River City Rhapsody - La Crosse,Crossmen,Chris Moss,Durand Thomas,CHRIS CHURCH,Sal Adamo,Michael Thompson,Chad Armbruster,Tim Mengel,Todd Fox,14.40,14.20,28.60,14.30,14.80,14.70,21.90,14.00,14.30,14.60,21.45,71.95
2023-07-09,"La Crosse, WI",River City Rhapsody - La Crosse,Madison Scouts,Chris Moss,Durand Thomas,CHRIS CHURCH,Sal Adamo,Michael Thompson,Chad Armbruster,Tim Mengel,Todd Fox,14.50,14.50,29.00,14.70,13.90,13.80,21.20,14.70,14.90,14.90,22.25,72.45
2023-07-09,"La Crosse, WI",River City Rhapsody - La Crosse,Troopers,Chris Moss,Durand Thomas,CHRIS CHURCH,Sal Adamo,Michael Thompson,Chad Armbruster,Tim Mengel,Todd Fox,15.10,15.70,30.80,15.40,14.50,14.50,22.20,15.40,16.20,16.00,23.80,76.8
2023-07-09,"La Crosse, WI",River City Rhapsody - La Crosse,Colts,Chris Moss,Durand Thomas,CHRIS CHURCH,Sal Adamo,Michael Thompson,Chad Armbruster,Tim Mengel,Todd Fox,15.80,15.30,31.10,14.40,15.90,15.70,23.00,15.30,15.10,15.60,23.00,77.1
2023-07-09,"La Crosse, WI",River City Rhapsody - La Crosse,Phantom Regiment,Chris Moss,Durand Thomas,CHRIS CHURCH,Sal Adamo,Michael Thompson,Chad Armbruster,Tim Mengel,Todd Fox,16.60,16.30,32.90,16.20,16.70,16.30,24.60,16.10,15.90,15.80,23.90,81.4
2023-07-09,"La Crosse, WI",River City Rhapsody - La Crosse,Boston Crusaders,Chris Moss,Durand Thomas,CHRIS CHURCH,Sal Adamo,Michael Thompson,Chad Armbruster,Tim Mengel,Todd Fox,16.90,16.80,33.70,16.50,16.90,17.00,25.20,16.60,16.70,16.60,24.95,83.85
2023-07-09,"La Crosse, WI",River City Rhapsody - La Crosse,Blue Stars,Chris Moss,Durand Thomas,CHRIS CHURCH,Sal Adamo,Michael Thompson,Chad Armbruster,Tim Mengel,Todd Fox,16.10,15.50,31.60,15.60,15.40,16.20,23.60,15.50,15.30,15.40,23.10,78.3
2023-07-10,"Roseville, CA",DCI Capital Classic,The Academy,Michael Turner,Judge,Phil Madden,Tim Pierce,Rob Jett,Darrin Davis,Gerry Miller,Chris Rapacki,15.00,14.40,29.40,14.30,13.70,14.50,21.25,14.00,14.40,15.30,21.85,72.5
2023-07-10,"Roseville, CA",DCI Capital Classic,Pacific Crest,Michael Turner,Judge,Phil Madden,Tim Pierce,Rob Jett,Darrin Davis,Gerry Miller,Chris Rapacki,14.90,14.70,29.60,14.90,14.70,14.70,22.15,13.80,14.60,15.40,21.90,73.65
2023-07-10,"Roseville, CA",DCI Capital Classic,Blue Knights,Michael Turner,Judge,Phil Madden,Tim Pierce,Rob Jett,Darrin Davis,Gerry Miller,Chris Rapacki,15.30,15.10,30.40,14.70,14.80,13.90,21.70,14.60,14.90,15.60,22.55,74.65
2023-07-10,"Roseville, CA",DCI Capital Classic,Blue Devils,Michael Turner,Judge,Phil Madden,Tim Pierce,Rob Jett,Darrin Davis,Gerry Miller,Chris Rapacki,17.40,17.00,34.40,17.20,17.00,17.30,25.75,17.10,17.20,17.00,25.65,85.8
2023-07-10,"Roseville, CA",DCI Capital Classic,Mandarins,Michael Turner,Judge,Phil Madden,Tim Pierce,Rob Jett,Darrin Davis,Gerry Miller,Chris Rapacki,16.40,16.10,32.50,16.30,16.00,16.10,24.20,15.70,16.10,16.10,23.95,80.65
2023-07-11,"Douglasville, GA",Drums Across America,Music City,Christine Dillon,Chris Moss,Hieu Nguyen,Timothy Ochran,Ira Jenkins,Mark Hoskins,Jeff Mills ,Jeff Brooks,14.80,13.70,28.50,13.90,14.00,13.80,20.85,14.70,15.20,15.00,22.45,71.8
2023-07-11,"Douglasville, GA",Drums Across America,The Cadets,Christine Dillon,Chris Moss,Hieu Nguyen,Timothy Ochran,Ira Jenkins,Mark Hoskins,Jeff Mills ,Jeff Brooks,15.90,15.50,31.40,15.70,16.40,16.00,24.05,15.90,16.20,16.20,24.15,79.6
2023-07-11,"Douglasville, GA",Drums Across America,Bluecoats,Christine Dillon,Chris Moss,Hieu Nguyen,Timothy Ochran,Ira Jenkins,Mark Hoskins,Jeff Mills ,Jeff Brooks,16.90,17.20,34.10,16.90,17.00,16.80,25.35,16.80,17.10,17.00,25.45,84.9
2023-07-11,"Douglasville, GA",Drums Across America,Spirit of Atlanta,Christine Dillon,Chris Moss,Hieu Nguyen,Timothy Ochran,Ira Jenkins,Mark Hoskins,Jeff Mills ,Jeff Brooks,14.90,14.20,29.10,14.20,15.10,14.30,21.80,15.20,15.50,14.80,22.75,73.65
2023-07-11,"Mankato, MN",The Kiwanis Thunder of Drums,Genesis,Keith Baker,Chad Armbruster,Bruce Jones,CHRIS CHURCH,Christine Clayton Fisher,Judge Missing,Kyle Weirich,Tyler Dempsey,13.50,13.60,27.10,13.50,13.50,13.80,20.40,13.70,13.70,12.90,20.15,67.65
2023-07-11,"Mankato, MN",The Kiwanis Thunder of Drums,Madison Scouts,Keith Baker,Chad Armbruster,Bruce Jones,CHRIS CHURCH,Christine Clayton Fisher,Judge Missing,Kyle Weirich,Tyler Dempsey,14.70,14.90,29.60,14.80,14.10,14.50,21.70,14.60,14.60,14.60,21.90,73.2
2023-07-11,"Mankato, MN",The Kiwanis Thunder of Drums,Crossmen,Keith Baker,Chad Armbruster,Bruce Jones,CHRIS CHURCH,Christine Clayton Fisher,Judge Missing,Kyle Weirich,Tyler Dempsey,14.30,14.80,29.10,14.90,14.70,14.30,21.95,15.00,15.00,14.00,22.00,73.05
2023-07-11,"Mankato, MN",The Kiwanis Thunder of Drums,Blue Stars,Keith Baker,Chad Armbruster,Bruce Jones,CHRIS CHURCH,Christine Clayton Fisher,Judge Missing,Kyle Weirich,Tyler Dempsey,15.70,15.90,31.60,15.80,15.80,16.20,23.90,15.50,15.50,14.80,22.90,78.4
2023-07-12,"Ankeny, IA",Celebration in Brass,Troopers,Tom Slaughter,Darrin Davis,Judge Missing,Chris Moss,Jackie Gilley,Joel Denton,Tyler Dempsey,Judge Missing,15.30,15.60,30.90,15.40,15.40,14.40,22.60,15.80,16.20,16.20,24.10,77.6
2023-07-12,"Ankeny, IA",Celebration in Brass,Phantom Regiment,Tom Slaughter,Darrin Davis,Judge Missing,Chris Moss,Jackie Gilley,Joel Denton,Tyler Dempsey,Judge Missing,16.40,16.30,32.70,16.60,16.60,16.20,24.70,16.40,16.60,16.60,24.80,82.2
2023-07-12,"Ankeny, IA",Celebration in Brass,Boston Crusaders,Tom Slaughter,Darrin Davis,Judge Missing,Chris Moss,Jackie Gilley,Joel Denton,Tyler Dempsey,Judge Missing,16.90,16.80,33.70,17.00,17.00,17.10,25.55,16.90,16.90,16.90,25.35,84.6
2023-07-12,"Ankeny, IA",Celebration in Brass,Colts,Tom Slaughter,Darrin Davis,Judge Missing,Chris Moss,Jackie Gilley,Joel Denton,Tyler Dempsey,Judge Missing,15.60,15.30,30.90,15.80,15.80,15.30,23.45,15.60,15.10,15.10,22.90,77.25
2023-07-12,"Salt Lake City, UT",Corps Encore,Seattle Cascades,William Chumley,Phillip Haines,Andy Combites,Phil Madden,Shirl Chumley,Ronnie Rios,Jay Kennedy,Mark Teal,12.80,12.70,25.50,12.70,12.20,11.00,17.95,13.30,13.30,12.10,19.35,62.8
2023-07-12,"Salt Lake City, UT",Corps Encore,The Academy,William Chumley,Phillip Haines,Andy Combites,Phil Madden,Shirl Chumley,Ronnie Rios,Jay Kennedy,Mark Teal,14.60,14.70,29.30,14.80,14.50,14.90,22.10,14.90,14.50,15.60,22.50,73.9
2023-07-12,"Salt Lake City, UT",Corps Encore,Pacific Crest,William Chumley,Phillip Haines,Andy Combites,Phil Madden,Shirl Chumley,Ronnie Rios,Jay Kennedy,Mark Teal,15.30,15.10,30.40,15.20,15.30,15.20,22.85,15.40,15.30,15.30,23.00,76.25
2023-07-12,"Salt Lake City, UT",Corps Encore,Mandarins,William Chumley,Phillip Haines,Andy Combites,Phil Madden,Shirl Chumley,Ronnie Rios,Jay Kennedy,Mark Teal,16.50,16.20,32.70,16.80,16.40,16.60,24.90,16.70,16.50,16.10,24.65,82.25
2023-07-12,"Salt Lake City, UT",Corps Encore,Blue Devils,William Chumley,Phillip Haines,Andy Combites,Phil Madden,Shirl Chumley,Ronnie Rios,Jay Kennedy,Mark Teal,17.30,17.30,34.60,17.70,17.60,17.50,26.40,17.60,17.80,17.30,26.35,87.35
2023-07-12,"Salt Lake City, UT",Corps Encore,Blue Knights,William Chumley,Phillip Haines,Andy Combites,Phil Madden,Shirl Chumley,Ronnie Rios,Jay Kennedy,Mark Teal,14.70,14.90,29.60,14.60,15.10,14.30,22.00,15.60,15.40,15.20,23.10,74.7
2023-07-12,"Eau Claire, WI",Drums on the Chippewa,Genesis,Bruce Jones,Kyle Weirich,CHRIS CHURCH,Keith Baker,Christine Clayton Fisher,Judge Missing,Chad Armbruster,Mike Davis,13.50,13.90,27.40,14.00,13.40,13.90,20.65,13.90,13.90,13.70,20.75,68.8
2023-07-12,"Eau Claire, WI",Drums on the Chippewa,Crossmen,Bruce Jones,Kyle Weirich,CHRIS CHURCH,Keith Baker,Christine Clayton Fisher,Judge Missing,Chad Armbruster,Mike Davis,15.10,15.30,30.40,15.10,14.80,14.50,22.20,14.80,14.80,14.80,22.20,74.8
2023-07-12,"Eau Claire, WI",Drums on the Chippewa,Blue Stars,Bruce Jones,Kyle Weirich,CHRIS CHURCH,Keith Baker,Christine Clayton Fisher,Judge Missing,Chad Armbruster,Mike Davis,16.20,15.80,32.00,16.20,16.00,16.30,24.25,15.80,15.80,15.80,23.70,79.95
2023-07-12,"Eau Claire, WI",Drums on the Chippewa,Madison Scouts,Bruce Jones,Kyle Weirich,CHRIS CHURCH,Keith Baker,Christine Clayton Fisher,Judge Missing,Chad Armbruster,Mike Davis,15.30,15.40,30.70,15.30,14.70,14.40,22.20,14.70,14.70,14.60,22.00,74.9
2023-07-13,"Tupelo, MS",DCI Tupelo,Spirit of Atlanta,Beverly Brahan,Dave Carbone,Drew Solomonson,Tim Pierce,Christine Dillon,Wayne Dillon,Nola Jones,Mike Leitzke,15.10,14.80,29.90,15.00,14.80,14.60,22.20,15.00,14.80,14.70,22.25,74.35
2023-07-13,"Tupelo, MS",DCI Tupelo,Music City,Beverly Brahan,Dave Carbone,Drew Solomonson,Tim Pierce,Christine Dillon,Wayne Dillon,Nola Jones,Mike Leitzke,14.70,14.40,29.10,14.60,14.40,13.90,21.45,14.60,14.60,15.10,22.15,72.7
2023-07-13,"Tupelo, MS",DCI Tupelo,The Cavaliers,Beverly Brahan,Dave Carbone,Drew Solomonson,Tim Pierce,Christine Dillon,Wayne Dillon,Nola Jones,Mike Leitzke,15.80,15.80,31.60,15.80,15.50,16.30,23.80,15.50,15.60,16.90,24.00,79.4
2023-07-13,"Tupelo, MS",DCI Tupelo,The Cadets,Beverly Brahan,Dave Carbone,Drew Solomonson,Tim Pierce,Christine Dillon,Wayne Dillon,Nola Jones,Mike Leitzke,16.30,16.10,32.40,16.20,16.20,15.90,24.15,16.20,16.40,16.30,24.45,81.0
2023-07-14,"Cheyenne, WY",Drums Along the Rockies - Cheyenne Edition,Seattle Cascades,Curtis Costanza,Mark Waymire,Robert Solomon,William Chumley,Warren Rickart,Bryan Crisp,Shawn Halquist,Blair Williams,13.10,12.90,26.00,13.30,12.80,12.60,19.35,12.80,13.60,12.60,19.50,64.85
2023-07-14,"Cheyenne, WY",Drums Along the Rockies - Cheyenne Edition,Pacific Crest,Curtis Costanza,Mark Waymire,Robert Solomon,William Chumley,Warren Rickart,Bryan Crisp,Shawn Halquist,Blair Williams,15.00,15.60,30.60,15.40,15.10,15.50,23.00,15.50,15.70,15.40,23.30,76.9
2023-07-14,"Cheyenne, WY",Drums Along the Rockies - Cheyenne Edition,The Academy,Curtis Costanza,Mark Waymire,Robert Solomon,William Chumley,Warren Rickart,Bryan Crisp,Shawn Halquist,Blair Williams,14.10,14.60,28.70,15.00,14.60,15.30,22.45,14.90,15.10,15.70,22.85,74.0
2023-07-14,"Cheyenne, WY",Drums Along the Rockies - Cheyenne Edition,Troopers,Curtis Costanza,Mark Waymire,Robert Solomon,William Chumley,Warren Rickart,Bryan Crisp,Shawn Halquist,Blair Williams,15.40,15.70,31.10,15.90,15.80,15.10,23.40,16.50,16.40,16.30,24.60,79.1
2023-07-14,"Dubuque, IA",Music on the March,Genesis,Meghan McCourt,Mike Leitzke,Judge Missing,Christine Dillon,Greg Llacer,Jeff Mills ,Wayne Dillon,Dave Carbone,14.40,13.90,28.30,14.30,14.30,14.10,21.35,14.40,13.80,14.10,21.15,70.8
2023-07-14,"Dubuque, IA",Music on the March,Crossmen,Meghan McCourt,Mike Leitzke,Judge Missing,Christine Dillon,Greg Llacer,Jeff Mills ,Wayne Dillon,Dave Carbone,15.40,14.70,30.10,15.30,15.30,14.90,22.75,15.20,15.00,14.90,22.55,75.4
2023-07-14,"Dubuque, IA",Music on the March,Madison Scouts,Meghan McCourt,Mike Leitzke,Judge Missing,Christine Dillon,Greg Llacer,Jeff Mills ,Wayne Dillon,Dave Carbone,15.30,14.40,29.70,14.80,14.80,15.00,22.30,15.40,15.20,15.30,22.95,74.95
2023-07-14,"Dubuque, IA",Music on the March,Blue Stars,Meghan McCourt,Mike Leitzke,Judge Missing,Christine Dillon,Greg Llacer,Jeff Mills ,Wayne Dillon,Dave Carbone,16.20,15.70,31.90,16.50,16.50,16.70,24.85,16.20,16.30,15.70,24.10,80.85
2023-07-14,"Dubuque, IA",Music on the March,Phantom Regiment,Meghan McCourt,Mike Leitzke,Judge Missing,Christine Dillon,Greg Llacer,Jeff Mills ,Wayne Dillon,Dave Carbone,16.70,16.30,33.00,16.90,16.90,16.90,25.35,17.10,16.70,16.00,24.90,83.25
2023-07-14,"Dubuque, IA",Music on the March,Colts,Meghan McCourt,Mike Leitzke,Judge Missing,Christine Dillon,Greg Llacer,Jeff Mills ,Wayne Dillon,Dave Carbone,15.70,15.40,31.10,16.30,16.30,15.70,24.15,16.60,15.80,15.40,23.90,79.15
2023-07-15,"Little Rock, AR",DCI Little Rock,Spirit of Atlanta,Ted Wemhoff,Gerry Miller,Jeremy Tate,George Oliviero,Kyle Miller,Shawn Halquist,Mark Waymire,Mike Davis,14.90,15.20,30.10,15.30,15.00,14.50,22.40,15.40,15.20,15.00,22.80,75.3
2023-07-15,"Little Rock, AR",DCI Little Rock,Music City,Ted Wemhoff,Gerry Miller,Jeremy Tate,George Oliviero,Kyle Miller,Shawn Halquist,Mark Waymire,Mike Davis,14.20,14.70,28.90,14.80,13.80,14.60,21.60,14.80,15.10,15.30,22.60,73.1
2023-07-15,"Little Rock, AR",DCI Little Rock,The Cavaliers,Ted Wemhoff,Gerry Miller,Jeremy Tate,George Oliviero,Kyle Miller,Shawn Halquist,Mark Waymire,Mike Davis,16.00,16.10,32.10,16.30,15.80,16.00,24.05,16.30,16.30,17.20,24.90,81.05
2023-07-15,"Little Rock, AR",DCI Little Rock,The Cadets,Ted Wemhoff,Gerry Miller,Jeremy Tate,George Oliviero,Kyle Miller,Shawn Halquist,Mark Waymire,Mike Davis,16.40,16.60,33.00,16.80,16.00,16.20,24.50,16.90,16.60,16.70,25.10,82.6
2023-07-15,"Little Rock, AR",DCI Little Rock,Carolina Crown,Ted Wemhoff,Gerry Miller,Jeremy Tate,George Oliviero,Kyle Miller,Shawn Halquist,Mark Waymire,Mike Davis,17.10,17.20,34.30,17.50,17.30,17.40,26.10,17.90,17.10,16.60,25.80,86.2
2023-07-15,"Little Rock, AR",DCI Little Rock,Bluecoats,Ted Wemhoff,Gerry Miller,Jeremy Tate,George Oliviero,Kyle Miller,Shawn Halquist,Mark Waymire,Mike Davis,17.30,17.30,34.60,17.20,17.60,17.00,25.90,17.70,17.40,17.30,26.20,86.7
2023-07-15,"Fort Collins, CO",Drums Along the Rockies,Seattle Cascades,Warren Rickart,Mike Howard,Curtis Costanza,Robert Solomon,William Chumley,Phillip Haines,Jeff Wilson,Blair Williams,13.60,13.10,26.70,12.40,13.20,12.30,18.95,13.20,13.30,12.80,19.65,65.3
2023-07-15,"Fort Collins, CO",Drums Along the Rockies,Pacific Crest,Warren Rickart,Mike Howard,Curtis Costanza,Robert Solomon,William Chumley,Phillip Haines,Jeff Wilson,Blair Williams,15.70,15.80,31.50,14.70,15.50,15.70,22.95,15.80,15.80,15.80,23.70,78.15
2023-07-15,"Fort Collins, CO",Drums Along the Rockies,The Academy,Warren Rickart,Mike Howard,Curtis Costanza,Robert Solomon,William Chumley,Phillip Haines,Jeff Wilson,Blair Williams,15.00,15.00,30.00,14.10,15.10,14.90,22.05,15.30,15.40,16.10,23.40,75.45
2023-07-15,"Fort Collins, CO",Drums Along the Rockies,Troopers,Warren Rickart,Mike Howard,Curtis Costanza,Robert Solomon,William Chumley,Phillip Haines,Jeff Wilson,Blair Williams,16.20,16.20,32.40,15.40,16.20,15.30,23.45,16.40,16.70,17.00,25.05,80.9
2023-07-15,"Fort Collins, CO",Drums Along the Rockies,Mandarins,Warren Rickart,Mike Howard,Curtis Costanza,Robert Solomon,William Chumley,Phillip Haines,Jeff Wilson,Blair Williams,16.90,16.90,33.80,16.00,16.90,16.50,24.70,16.70,17.20,16.80,25.35,83.85
2023-07-15,"Fort Collins, CO",Drums Along the Rockies,Blue Devils,Warren Rickart,Mike Howard,Curtis Costanza,Robert Solomon,William Chumley,Phillip Haines,Jeff Wilson,Blair Williams,18.30,18.00,36.30,17.50,17.80,17.50,26.40,18.00,18.10,17.70,26.90,89.6
2023-07-15,"Fort Collins, CO",Drums Along the Rockies,Boston Crusaders,Warren Rickart,Mike Howard,Curtis Costanza,Robert Solomon,William Chumley,Phillip Haines,Jeff Wilson,Blair Williams,18.10,17.70,35.80,17.20,17.40,17.40,26.00,17.60,17.60,17.40,26.30,88.1
2023-07-15,"Fort Collins, CO",Drums Along the Rockies,Blue Knights,Warren Rickart,Mike Howard,Curtis Costanza,Robert Solomon,William Chumley,Phillip Haines,Jeff Wilson,Blair Williams,15.20,15.40,30.60,14.30,14.80,15.20,22.15,15.60,15.60,15.60,23.40,76.15
2023-07-15,"Rockford, IL",Show of Shows,Genesis,Christine Dillon,Darrin Davis,Hieu Nguyen,Greg Llacer,Meghan McCourt,Bryan Crisp,Kyle Young,Julie Davila,14.30,13.80,28.10,14.00,14.20,14.30,21.25,13.90,14.20,13.30,20.70,70.05
2023-07-15,"Rockford, IL",Show of Shows,Madison Scouts,Christine Dillon,Darrin Davis,Hieu Nguyen,Greg Llacer,Meghan McCourt,Bryan Crisp,Kyle Young,Julie Davila,15.20,15.10,30.30,15.00,14.90,15.00,22.45,14.90,15.00,14.70,22.30,75.05
2023-07-15,"Rockford, IL",Show of Shows,Crossmen,Christine Dillon,Darrin Davis,Hieu Nguyen,Greg Llacer,Meghan McCourt,Bryan Crisp,Kyle Young,Julie Davila,15.80,15.20,31.00,15.10,15.40,15.10,22.80,15.00,15.20,14.00,22.10,75.9
2023-07-15,"Rockford, IL",Show of Shows,Colts,Christine Dillon,Darrin Davis,Hieu Nguyen,Greg Llacer,Meghan McCourt,Bryan Crisp,Kyle Young,Julie Davila,16.30,15.70,32.00,16.10,16.30,16.00,24.20,16.10,15.90,14.90,23.45,79.65
2023-07-15,"Rockford, IL",Show of Shows,Blue Stars,Christine Dillon,Darrin Davis,Hieu Nguyen,Greg Llacer,Meghan McCourt,Bryan Crisp,Kyle Young,Julie Davila,16.40,16.20,32.60,16.40,16.70,16.80,24.95,15.90,16.30,14.50,23.35,80.9
2023-07-15,"Rockford, IL",Show of Shows,Phantom Regiment,Christine Dillon,Darrin Davis,Hieu Nguyen,Greg Llacer,Meghan McCourt,Bryan Crisp,Kyle Young,Julie Davila,17.00,16.60,33.60,16.90,17.10,16.90,25.45,16.30,16.90,15.20,24.20,83.25
2023-07-17,"Olathe, KS",Brass Impact,Genesis,Curtis Costanza,Marty Griffin,Carl Nelson,Jack Pursifull,Michael Turner,Bryan Crisp,Kyle Weirich,Allan Kristensen,14.40,14.50,28.90,14.10,14.30,14.50,21.45,14.40,14.00,13.70,21.05,71.4
2023-07-17,"Olathe, KS",Brass Impact,Madison Scouts,Curtis Costanza,Marty Griffin,Carl Nelson,Jack Pursifull,Michael Turner,Bryan Crisp,Kyle Weirich,Allan Kristensen,14.00,15.10,29.10,15.30,14.80,14.90,22.50,15.50,15.80,15.10,23.20,74.8
2023-07-17,"Olathe, KS",Brass Impact,Blue Stars,Curtis Costanza,Marty Griffin,Carl Nelson,Jack Pursifull,Michael Turner,Bryan Crisp,Kyle Weirich,Allan Kristensen,16.20,16.00,32.20,16.60,16.30,16.50,24.70,16.60,16.70,15.20,24.25,81.15
2023-07-17,"Olathe, KS",Brass Impact,Phantom Regiment,Curtis Costanza,Marty Griffin,Carl Nelson,Jack Pursifull,Michael Turner,Bryan Crisp,Kyle Weirich,Allan Kristensen,16.80,16.70,33.50,17.20,16.90,16.80,25.45,17.00,16.40,16.50,24.95,83.9
2023-07-17,"Olathe, KS",Brass Impact,Colts,Curtis Costanza,Marty Griffin,Carl Nelson,Jack Pursifull,Michael Turner,Bryan Crisp,Kyle Weirich,Allan Kristensen,15.50,16.10,31.60,16.10,16.00,16.20,24.15,16.30,15.60,15.50,23.70,79.45
2023-07-17,"Canyon, TX",West Texas Drums,Seattle Cascades,Jackie Gilley,Jay Webb,Tom Slaughter,George Oliviero,William Chumley,Mark Hoskins,Chris Rapacki,Mark Teal,13.50,12.90,26.40,13.40,12.80,12.20,19.20,13.30,13.40,12.90,19.80,65.4
2023-07-17,"Canyon, TX",West Texas Drums,Pacific Crest,Jackie Gilley,Jay Webb,Tom Slaughter,George Oliviero,William Chumley,Mark Hoskins,Chris Rapacki,Mark Teal,15.70,14.10,29.80,15.80,16.00,15.80,23.80,16.10,16.10,15.60,23.90,77.5
2023-07-17,"Canyon, TX",West Texas Drums,The Academy,Jackie Gilley,Jay Webb,Tom Slaughter,George Oliviero,William Chumley,Mark Hoskins,Chris Rapacki,Mark Teal,14.80,14.80,29.60,15.30,14.80,15.40,22.75,15.50,15.80,15.90,23.60,75.95
2023-07-17,"Canyon, TX",West Texas Drums,Mandarins,Jackie Gilley,Jay Webb,Tom Slaughter,George Oliviero,William Chumley,Mark Hoskins,Chris Rapacki,Mark Teal,17.20,16.50,33.70,16.80,17.20,17.20,25.60,16.80,17.00,16.80,25.30,84.6
2023-07-17,"Canyon, TX",West Texas Drums,Troopers,Jackie Gilley,Jay Webb,Tom Slaughter,George Oliviero,William Chumley,Mark Hoskins,Chris Rapacki,Mark Teal,16.40,16.00,32.40,16.10,16.20,14.90,23.60,16.50,16.20,17.10,24.90,80.9
2023-07-17,"Canyon, TX",West Texas Drums,Blue Knights,Jackie Gilley,Jay Webb,Tom Slaughter,George Oliviero,William Chumley,Mark Hoskins,Chris Rapacki,Mark Teal,15.40,15.80,31.20,15.40,14.50,15.00,22.45,15.70,15.90,16.20,23.90,77.55
2023-07-18,"Abilene, TX",DCI Abilene,Seattle Cascades,George Oliviero,Kyle Weirich,William Chumley,Tom Slaughter,Jackie Gilley,Bryan Crisp,Mark Teal,Allan Kristensen,13.20,13.30,26.50,13.00,13.20,12.50,19.35,12.40,11.50,13.90,18.90,64.75
2023-07-18,"Abilene, TX",DCI Abilene,Spirit of Atlanta,George Oliviero,Kyle Weirich,William Chumley,Tom Slaughter,Jackie Gilley,Bryan Crisp,Mark Teal,Allan Kristensen,16.00,15.00,31.00,15.30,15.20,15.40,22.95,15.30,15.40,15.20,22.95,76.9
2023-07-18,"Abilene, TX",DCI Abilene,Pacific Crest,George Oliviero,Kyle Weirich,William Chumley,Tom Slaughter,Jackie Gilley,Bryan Crisp,Mark Teal,Allan Kristensen,15.50,15.60,31.10,16.10,15.90,16.30,24.15,16.10,15.90,16.00,24.00,79.25
2023-07-18,"Abilene, TX",DCI Abilene,The Academy,George Oliviero,Kyle Weirich,William Chumley,Tom Slaughter,Jackie Gilley,Bryan Crisp,Mark Teal,Allan Kristensen,14.80,14.90,29.70,14.90,15.40,15.10,22.70,15.00,15.70,15.40,23.05,75.45
2023-07-18,"Abilene, TX",DCI Abilene,Music City,George Oliviero,Kyle Weirich,William Chumley,Tom Slaughter,Jackie Gilley,Bryan Crisp,Mark Teal,Allan Kristensen,14.40,15.40,29.80,14.70,14.80,14.70,22.10,14.60,15.20,15.70,22.75,74.65
2023-07-18,"Abilene, TX",DCI Abilene,Mandarins,George Oliviero,Kyle Weirich,William Chumley,Tom Slaughter,Jackie Gilley,Bryan Crisp,Mark Teal,Allan Kristensen,17.50,17.10,34.60,17.40,17.00,17.00,25.70,17.00,17.20,16.90,25.55,85.85
2023-07-18,"Abilene, TX",DCI Abilene,The Cavaliers,George Oliviero,Kyle Weirich,William Chumley,Tom Slaughter,Jackie Gilley,Bryan Crisp,Mark Teal,Allan Kristensen,16.20,17.00,33.20,16.20,16.50,15.80,24.25,16.40,16.90,17.70,25.50,82.95
2023-07-18,"Broken Arrow, OK",DCI Broken Arrow,Blue Stars,Curtis Costanza,Jay Webb,Carl Nelson,Jack Pursifull,Michael Turner,Mark Hoskins,Darrin Davis,Marty Griffin,16.40,17.00,33.40,16.70,16.40,16.70,24.90,16.80,16.70,16.40,24.95,83.25
2023-07-18,"Broken Arrow, OK",DCI Broken Arrow,Carolina Crown,Curtis Costanza,Jay Webb,Carl Nelson,Jack Pursifull,Michael Turner,Mark Hoskins,Darrin Davis,Marty Griffin,17.50,17.60,35.10,17.80,17.40,17.60,26.40,18.10,17.70,17.40,26.60,88.1
2023-07-18,"Broken Arrow, OK",DCI Broken Arrow,The Cadets,Curtis Costanza,Jay Webb,Carl Nelson,Jack Pursifull,Michael Turner,Mark Hoskins,Darrin Davis,Marty Griffin,17.00,16.50,33.50,17.00,16.90,17.20,25.55,17.30,17.00,17.20,25.75,84.8
2023-07-18,"Broken Arrow, OK",DCI Broken Arrow,Bluecoats,Curtis Costanza,Jay Webb,Carl Nelson,Jack Pursifull,Michael Turner,Mark Hoskins,Darrin Davis,Marty Griffin,17.90,17.40,35.30,17.40,17.80,18.00,26.60,17.90,17.80,17.80,26.75,88.65
2023-07-18,"Broken Arrow, OK",DCI Broken Arrow,Boston Crusaders,Curtis Costanza,Jay Webb,Carl Nelson,Jack Pursifull,Michael Turner,Mark Hoskins,Darrin Davis,Marty Griffin,18.10,17.50,35.60,17.50,17.70,17.70,26.45,18.30,17.30,18.10,26.85,88.9
2023-07-18,"Broken Arrow, OK",DCI Broken Arrow,Blue Devils,Curtis Costanza,Jay Webb,Carl Nelson,Jack Pursifull,Michael Turner,Mark Hoskins,Darrin Davis,Marty Griffin,18.20,17.90,36.10,18.10,18.10,17.90,27.05,18.50,17.90,18.20,27.30,90.45
2023-07-20,"Austin, TX",DCI Austin,Spirit of Atlanta,Kyle Miller,Jager Loyde,Tom Slaughter,Jeremy Tate,Damon Padilla,Paul McGarr,Kim Shuttlesworth,Jeff Brooks,16.00,14.70,30.70,15.60,15.50,15.50,23.30,14.50,15.70,16.30,23.25,77.25
2023-07-20,"Austin, TX",DCI Austin,Seattle Cascades,Kyle Miller,Jager Loyde,Tom Slaughter,Jeremy Tate,Damon Padilla,Paul McGarr,Kim Shuttlesworth,Jeff Brooks,13.30,13.40,26.70,13.60,13.20,12.70,19.75,12.00,11.80,14.00,18.90,65.35
2023-07-20,"Austin, TX",DCI Austin,Genesis,Kyle Miller,Jager Loyde,Tom Slaughter,Jeremy Tate,Damon Padilla,Paul McGarr,Kim Shuttlesworth,Jeff Brooks,14.50,14.90,29.40,14.40,14.50,14.80,21.85,13.80,14.40,14.70,21.45,72.7
2023-07-20,"Austin, TX",DCI Austin,The Academy,Kyle Miller,Jager Loyde,Tom Slaughter,Jeremy Tate,Damon Padilla,Paul McGarr,Kim Shuttlesworth,Jeff Brooks,15.00,15.40,30.40,15.50,15.40,15.40,23.15,14.80,16.40,15.20,23.20,76.75
2023-07-20,"Austin, TX",DCI Austin,Music City,Kyle Miller,Jager Loyde,Tom Slaughter,Jeremy Tate,Damon Padilla,Paul McGarr,Kim Shuttlesworth,Jeff Brooks,14.80,15.50,30.30,15.00,14.90,15.70,22.80,14.00,15.30,16.10,22.70,75.8
2023-07-20,"Austin, TX",DCI Austin,Blue Knights,Kyle Miller,Jager Loyde,Tom Slaughter,Jeremy Tate,Damon Padilla,Paul McGarr,Kim Shuttlesworth,Jeff Brooks,15.90,15.60,31.50,15.90,15.70,15.80,23.70,15.40,16.30,17.00,24.35,79.55
2023-07-20,"Austin, TX",DCI Austin,The Cavaliers,Kyle Miller,Jager Loyde,Tom Slaughter,Jeremy Tate,Damon Padilla,Paul McGarr,Kim Shuttlesworth,Jeff Brooks,16.30,16.60,32.90,16.80,16.60,16.40,24.90,15.80,17.20,18.00,25.50,83.3
2023-07-20,"Austin, TX",DCI Austin,The Cadets,Kyle Miller,Jager Loyde,Tom Slaughter,Jeremy Tate,Damon Padilla,Paul McGarr,Kim Shuttlesworth,Jeff Brooks,17.70,17.10,34.80,17.30,17.20,17.20,25.85,16.40,17.60,17.50,25.75,86.4
2023-07-20,"Denton, TX",DCI Denton,Pacific Crest,Greg Llacer,Nola Jones,Carl Nelson,Ted Wemhoff,Travis Wingate,Ronnie Rios,Dave Carbone,Glenn Fugett,15.70,16.10,31.80,16.30,15.80,15.90,24.00,16.10,16.20,15.80,24.05,79.85
2023-07-20,"Denton, TX",DCI Denton,Crossmen,Greg Llacer,Nola Jones,Carl Nelson,Ted Wemhoff,Travis Wingate,Ronnie Rios,Dave Carbone,Glenn Fugett,15.40,15.00,30.40,15.90,15.10,15.50,23.25,15.90,15.10,16.00,23.50,77.15
2023-07-20,"Denton, TX",DCI Denton,Madison Scouts,Greg Llacer,Nola Jones,Carl Nelson,Ted Wemhoff,Travis Wingate,Ronnie Rios,Dave Carbone,Glenn Fugett,14.90,15.40,30.30,16.10,15.30,15.30,23.35,16.30,15.40,15.30,23.50,77.15
2023-07-20,"Denton, TX",DCI Denton,Phantom Regiment,Greg Llacer,Nola Jones,Carl Nelson,Ted Wemhoff,Travis Wingate,Ronnie Rios,Dave Carbone,Glenn Fugett,17.40,17.00,34.40,17.70,17.20,17.40,26.15,17.50,17.20,16.90,25.80,86.35
2023-07-20,"Denton, TX",DCI Denton,Carolina Crown,Greg Llacer,Nola Jones,Carl Nelson,Ted Wemhoff,Travis Wingate,Ronnie Rios,Dave Carbone,Glenn Fugett,18.00,17.90,35.90,17.90,17.60,17.70,26.60,18.30,18.00,17.80,27.05,89.55
2023-07-20,"Denton, TX",DCI Denton,Bluecoats,Greg Llacer,Nola Jones,Carl Nelson,Ted Wemhoff,Travis Wingate,Ronnie Rios,Dave Carbone,Glenn Fugett,18.10,17.80,35.90,17.60,18.00,18.00,26.80,18.00,17.90,17.60,26.75,89.45
2023-07-20,"Denton, TX",DCI Denton,Boston Crusaders,Greg Llacer,Nola Jones,Carl Nelson,Ted Wemhoff,Travis Wingate,Ronnie Rios,Dave Carbone,Glenn Fugett,18.30,18.20,36.50,18.10,17.90,18.10,27.05,18.50,17.60,18.10,27.10,90.65
2023-07-21,"Houston, TX",DCI Houston,Seattle Cascades,Travis Wingate,Brad Huneycutt,Hieu Nguyen,Jim Sturgeon,Greg Llacer,Paul McGarr,Jager Loyde,Tyler Dempsey,13.30,13.60,26.90,13.10,13.70,13.00,19.90,12.30,12.10,14.10,19.25,66.05
2023-07-21,"Houston, TX",DCI Houston,Mandarins,Travis Wingate,Brad Huneycutt,Hieu Nguyen,Jim Sturgeon,Greg Llacer,Paul McGarr,Jager Loyde,Tyler Dempsey,17.50,17.40,34.90,17.40,17.30,17.10,25.90,16.90,17.80,16.40,25.55,86.35
2023-07-21,"Houston, TX",DCI Houston,Colts,Travis Wingate,Brad Huneycutt,Hieu Nguyen,Jim Sturgeon,Greg Llacer,Paul McGarr,Jager Loyde,Tyler Dempsey,16.20,16.40,32.60,16.30,16.60,16.40,24.65,16.50,17.20,16.00,24.85,82.1
2023-07-21,"Houston, TX",DCI Houston,Blue Stars,Travis Wingate,Brad Huneycutt,Hieu Nguyen,Jim Sturgeon,Greg Llacer,Paul McGarr,Jager Loyde,Tyler Dempsey,16.90,17.00,33.90,17.00,16.50,16.90,25.20,16.60,17.00,16.10,24.85,83.95
2023-07-21,"Houston, TX",DCI Houston,The Cavaliers,Travis Wingate,Brad Huneycutt,Hieu Nguyen,Jim Sturgeon,Greg Llacer,Paul McGarr,Jager Loyde,Tyler Dempsey,16.80,16.80,33.60,16.80,17.00,16.70,25.25,16.40,17.50,17.90,25.90,84.75
2023-07-21,"Houston, TX",DCI Houston,Carolina Crown,Travis Wingate,Brad Huneycutt,Hieu Nguyen,Jim Sturgeon,Greg Llacer,Paul McGarr,Jager Loyde,Tyler Dempsey,17.80,18.10,35.90,18.10,17.50,17.60,26.60,17.80,18.40,17.70,26.95,89.45
2023-07-21,"Houston, TX",DCI Houston,Blue Devils,Travis Wingate,Brad Huneycutt,Hieu Nguyen,Jim Sturgeon,Greg Llacer,Paul McGarr,Jager Loyde,Tyler Dempsey,18.20,18.50,36.70,18.20,18.20,18.20,27.30,18.10,18.20,17.80,27.05,91.05
2023-07-21,"Houston, TX",DCI Houston,Bluecoats,Travis Wingate,Brad Huneycutt,Hieu Nguyen,Jim Sturgeon,Greg Llacer,Paul McGarr,Jager Loyde,Tyler Dempsey,17.90,17.90,35.80,18.00,17.80,18.00,26.90,17.70,18.00,17.60,26.65,89.35
2023-07-21,"Dover, PA",White Rose Classic,Jersey Surf,John Howell,Charles Poole,Ed Martinez,Bret Mascaro,Brandon Spidel,Durand Thomas,Todd Fox,Tim Mengel,13.20,13.50,26.70,13.80,14.20,14.30,21.15,13.40,13.10,13.80,20.15,68.0
2023-07-22,"Sewell, NJ",Summer Thunder,Jersey Surf,Brandon Spidel,Phillip Haines,Bret Mascaro,Ed Martinez,Michael Thompson,Jeff Mills ,Durand Thomas,Gifford Howarth,13.90,13.70,27.60,14.60,14.60,12.90,21.05,13.40,13.60,14.20,20.60,69.25
2023-07-23,"Fairfield, CT",DCI Connecticut,Jersey Surf,Bret Mascaro,Jeff Mills ,Meghan McCourt,Ed Martinez,Brandon Spidel,Durand Thomas,Phillip Haines,Peter Furnari,14.30,14.20,28.50,14.70,14.80,14.50,22.00,14.30,13.90,14.50,21.35,71.85
2023-07-24,"Mesquite, TX",DCI Mesquite,Genesis,Beverly Brahan,Jodie Rhodes,Jackie Gilley,Debbie Torchia,Ron Comfort,Andrea Brown,Nola Jones,Julie Davila,14.60,13.90,28.50,14.50,14.60,14.90,22.00,14.50,14.00,14.30,21.40,71.9
2023-07-24,"Mesquite, TX",DCI Mesquite,Spirit of Atlanta,Beverly Brahan,Jodie Rhodes,Jackie Gilley,Debbie Torchia,Ron Comfort,Andrea Brown,Nola Jones,Julie Davila,15.70,15.30,31.00,15.60,15.30,15.40,23.15,15.50,15.30,15.50,23.15,77.3
2023-07-24,"Mesquite, TX",DCI Mesquite,Madison Scouts,Beverly Brahan,Jodie Rhodes,Jackie Gilley,Debbie Torchia,Ron Comfort,Andrea Brown,Nola Jones,Julie Davila,15.80,16.00,31.80,15.40,15.50,15.30,23.10,15.40,15.50,16.60,23.75,78.65
2023-07-24,"Mesquite, TX",DCI Mesquite,Blue Knights,Beverly Brahan,Jodie Rhodes,Jackie Gilley,Debbie Torchia,Ron Comfort,Andrea Brown,Nola Jones,Julie Davila,16.50,16.10,32.60,16.10,15.90,16.40,24.20,16.10,15.40,16.35,23.925,80.725
2023-07-24,"Mesquite, TX",DCI Mesquite,Crossmen,Beverly Brahan,Jodie Rhodes,Jackie Gilley,Debbie Torchia,Ron Comfort,Andrea Brown,Nola Jones,Julie Davila,16.30,16.70,33.00,16.20,16.50,16.10,24.40,15.20,15.80,16.30,23.65,81.05
2023-07-24,"Mesquite, TX",DCI Mesquite,Pacific Crest,Beverly Brahan,Jodie Rhodes,Jackie Gilley,Debbie Torchia,Ron Comfort,Andrea Brown,Nola Jones,Julie Davila,16.40,16.20,32.60,16.30,16.00,16.00,24.15,15.80,16.20,15.45,23.725,80.475
2023-07-24,"Mesquite, TX",DCI Mesquite,Colts,Beverly Brahan,Jodie Rhodes,Jackie Gilley,Debbie Torchia,Ron Comfort,Andrea Brown,Nola Jones,Julie Davila,17.10,16.90,34.00,16.60,17.00,16.80,25.20,16.60,16.50,17.30,25.20,84.4
2023-07-24,"Mesquite, TX",DCI Mesquite,Blue Stars,Beverly Brahan,Jodie Rhodes,Jackie Gilley,Debbie Torchia,Ron Comfort,Andrea Brown,Nola Jones,Julie Davila,17.00,17.50,34.50,17.50,17.10,17.70,26.15,17.40,16.30,17.00,25.35,86.0
2023-07-24,"Mesquite, TX",DCI Mesquite,Carolina Crown,Beverly Brahan,Jodie Rhodes,Jackie Gilley,Debbie Torchia,Ron Comfort,Andrea Brown,Nola Jones,Julie Davila,18.80,18.60,37.40,18.30,18.40,18.30,27.50,18.20,18.40,18.10,27.35,92.25
2023-07-24,"Mesquite, TX",DCI Mesquite,Boston Crusaders,Beverly Brahan,Jodie Rhodes,Jackie Gilley,Debbie Torchia,Ron Comfort,Andrea Brown,Nola Jones,Julie Davila,18.70,18.30,37.00,18.60,18.30,18.60,27.75,18.10,18.10,18.60,27.40,92.15
2023-07-25,"McKinney, TX",DCI McKinney,Seattle Cascades,Debbie Torchia,Joel Denton,Ron Comfort,Jackie Gilley,Beverly Brahan,Andrea Brown,Julie Davila,Jay Webb,13.40,13.70,27.10,14.20,13.00,13.80,20.50,12.90,13.80,14.20,20.45,68.05
2023-07-25,"McKinney, TX",DCI McKinney,The Academy,Debbie Torchia,Joel Denton,Ron Comfort,Jackie Gilley,Beverly Brahan,Andrea Brown,Julie Davila,Jay Webb,16.00,15.70,31.70,16.50,15.60,15.50,23.80,15.70,15.20,15.20,23.05,78.55
2023-07-25,"McKinney, TX",DCI McKinney,Crossmen,Debbie Torchia,Joel Denton,Ron Comfort,Jackie Gilley,Beverly Brahan,Andrea Brown,Julie Davila,Jay Webb,16.60,16.30,32.90,16.10,16.30,16.30,24.35,16.40,16.20,15.70,24.15,81.4
2023-07-25,"McKinney, TX",DCI McKinney,Troopers,Debbie Torchia,Joel Denton,Ron Comfort,Jackie Gilley,Beverly Brahan,Andrea Brown,Julie Davila,Jay Webb,16.50,16.70,33.20,16.60,16.60,16.20,24.70,17.10,16.60,16.90,25.30,83.2
2023-07-25,"McKinney, TX",DCI McKinney,The Cadets,Debbie Torchia,Joel Denton,Ron Comfort,Jackie Gilley,Beverly Brahan,Andrea Brown,Julie Davila,Jay Webb,18.10,17.60,35.70,17.70,17.50,17.60,26.40,17.40,17.80,17.00,26.10,88.2
2023-07-25,"McKinney, TX",DCI McKinney,Carolina Crown,Debbie Torchia,Joel Denton,Ron Comfort,Jackie Gilley,Beverly Brahan,Andrea Brown,Julie Davila,Jay Webb,18.60,18.60,37.20,18.50,18.40,18.50,27.70,18.30,18.80,17.90,27.50,92.4
2023-07-25,"McKinney, TX",DCI McKinney,Mandarins,Debbie Torchia,Joel Denton,Ron Comfort,Jackie Gilley,Beverly Brahan,Andrea Brown,Julie Davila,Jay Webb,17.90,17.80,35.70,17.60,17.90,17.90,26.70,16.80,17.50,16.40,25.35,87.75
2023-07-25,"Manchester, NH",DCI New Hampshire,Jersey Surf,Timothy Ochran,Beth Fabrizio,Judge Missing,Chris Raichle,Jackie Campbell,Shawn Halquist,Durand Thomas,Charles Poole,15.00,14.80,29.80,15.10,15.10,14.70,22.45,14.50,14.30,14.30,21.55,73.8
2023-07-26,"Syracuse, NY",Brigadier's Pageant of Drums,Jersey Surf,Travis Wingate,Charles Poole,Jackie Campbell,Timothy Ochran,Michele Bowers,Beth Fabrizio,Shawn Halquist,Paul Smith,14.70,15.00,29.70,15.10,15.70,15.00,22.90,15.10,14.70,14.80,22.30,74.9
2023-07-26,"Monroe, LA",DCI Monroe,Genesis,Christine Dillon,Mike Leitzke,Ira Jenkins,Blair Kuhn,Kim Kuhn,Joel Denton,Brad Huneycutt,Mike Davis,14.70,14.80,29.50,14.60,14.90,14.10,21.80,14.60,14.40,14.90,21.95,73.25
2023-07-26,"Monroe, LA",DCI Monroe,Music City,Christine Dillon,Mike Leitzke,Ira Jenkins,Blair Kuhn,Kim Kuhn,Joel Denton,Brad Huneycutt,Mike Davis,15.20,15.00,30.20,15.80,15.50,14.80,23.05,15.30,15.10,15.80,23.10,76.35
2023-07-26,"Monroe, LA",DCI Monroe,The Academy,Christine Dillon,Mike Leitzke,Ira Jenkins,Blair Kuhn,Kim Kuhn,Joel Denton,Brad Huneycutt,Mike Davis,15.30,15.30,30.60,16.50,16.10,14.70,23.65,15.70,15.30,15.50,23.25,77.5
2023-07-26,"Monroe, LA",DCI Monroe,Blue Knights,Christine Dillon,Mike Leitzke,Ira Jenkins,Blair Kuhn,Kim Kuhn,Joel Denton,Brad Huneycutt,Mike Davis,16.70,15.90,32.60,16.40,15.90,15.80,24.05,16.20,15.60,16.50,24.15,80.8
2023-07-26,"Monroe, LA",DCI Monroe,Troopers,Christine Dillon,Mike Leitzke,Ira Jenkins,Blair Kuhn,Kim Kuhn,Joel Denton,Brad Huneycutt,Mike Davis,16.30,17.00,33.30,17.00,16.90,15.70,24.80,17.10,16.80,17.30,25.60,83.7
2023-07-26,"Monroe, LA",DCI Monroe,The Cadets,Christine Dillon,Mike Leitzke,Ira Jenkins,Blair Kuhn,Kim Kuhn,Joel Denton,Brad Huneycutt,Mike Davis,17.60,17.30,34.90,18.00,17.70,16.80,26.25,17.60,18.10,17.90,26.80,87.95
2023-07-26,"Monroe, LA",DCI Monroe,Mandarins,Christine Dillon,Mike Leitzke,Ira Jenkins,Blair Kuhn,Kim Kuhn,Joel Denton,Brad Huneycutt,Mike Davis,17.80,17.80,35.60,17.70,18.00,16.60,26.15,17.20,17.90,17.40,26.25,88.0
2023-07-26,"Hattiesburg, MS",DCI Southern Mississippi,Madison Scouts,Kyle Miller,Mark Waymire,Judge Missing,William Chumley,Beverly Brahan,Chester Phillips,Jay Webb,Troy Hall,15.90,16.50,32.40,15.70,15.70,16.10,23.75,15.60,16.10,16.40,24.05,80.2
2023-07-26,"Hattiesburg, MS",DCI Southern Mississippi,Blue Stars,Kyle Miller,Mark Waymire,Judge Missing,William Chumley,Beverly Brahan,Chester Phillips,Jay Webb,Troy Hall,16.80,17.30,34.10,16.90,16.90,17.20,25.50,17.40,17.00,17.30,25.85,85.45
2023-07-26,"Hattiesburg, MS",DCI Southern Mississippi,Phantom Regiment,Kyle Miller,Mark Waymire,Judge Missing,William Chumley,Beverly Brahan,Chester Phillips,Jay Webb,Troy Hall,17.40,18.20,35.60,17.50,17.50,17.70,26.35,16.90,17.40,17.50,25.90,87.85
2023-07-26,"Hattiesburg, MS",DCI Southern Mississippi,Boston Crusaders,Kyle Miller,Mark Waymire,Judge Missing,William Chumley,Beverly Brahan,Chester Phillips,Jay Webb,Troy Hall,18.30,18.60,36.90,18.20,18.20,18.60,27.50,18.40,18.20,18.80,27.70,92.1
2023-07-26,"Hattiesburg, MS",DCI Southern Mississippi,Blue Devils,Kyle Miller,Mark Waymire,Judge Missing,William Chumley,Beverly Brahan,Chester Phillips,Jay Webb,Troy Hall,18.70,19.00,37.70,18.40,18.40,18.90,27.85,18.20,18.50,18.40,27.55,93.1
2023-07-28,"Trussville, AL",DCI Birmingham,Seattle Cascades,Beverly Brahan,Mark Waymire,Curtis Costanza,William Chumley,Kyle Miller,Steven Page,Mike Howard,Troy Hall,14.00,13.70,27.70,13.30,13.80,13.90,20.50,14.60,13.80,14.60,21.50,69.7
2023-07-28,"Trussville, AL",DCI Birmingham,Spirit of Atlanta,Beverly Brahan,Mark Waymire,Curtis Costanza,William Chumley,Kyle Miller,Steven Page,Mike Howard,Troy Hall,16.10,16.60,32.70,15.50,15.60,15.40,23.25,16.60,15.40,15.40,23.70,79.65
2023-07-28,"Trussville, AL",DCI Birmingham,Blue Knights,Beverly Brahan,Mark Waymire,Curtis Costanza,William Chumley,Kyle Miller,Steven Page,Mike Howard,Troy Hall,16.20,16.10,32.30,16.60,16.00,16.30,24.45,16.70,15.90,17.30,24.95,81.7
2023-07-28,"Trussville, AL",DCI Birmingham,Crossmen,Beverly Brahan,Mark Waymire,Curtis Costanza,William Chumley,Kyle Miller,Steven Page,Mike Howard,Troy Hall,16.50,16.40,32.90,16.20,16.20,16.40,24.40,16.30,16.00,16.90,24.60,81.9
2023-07-28,"Trussville, AL",DCI Birmingham,Pacific Crest,Beverly Brahan,Mark Waymire,Curtis Costanza,William Chumley,Kyle Miller,Steven Page,Mike Howard,Troy Hall,16.90,16.50,33.40,16.30,16.50,16.50,24.65,16.10,16.10,15.20,23.70,81.75
2023-07-28,"Trussville, AL",DCI Birmingham,Colts,Beverly Brahan,Mark Waymire,Curtis Costanza,William Chumley,Kyle Miller,Steven Page,Mike Howard,Troy Hall,17.30,17.10,34.40,16.80,17.00,16.90,25.35,17.10,16.70,17.40,25.60,85.35
2023-07-28,"Trussville, AL",DCI Birmingham,Troopers,Beverly Brahan,Mark Waymire,Curtis Costanza,William Chumley,Kyle Miller,Steven Page,Mike Howard,Troy Hall,17.00,16.90,33.90,17.40,17.10,16.20,25.35,17.30,16.90,18.00,26.10,85.35
2023-07-28,"Trussville, AL",DCI Birmingham,The Cavaliers,Beverly Brahan,Mark Waymire,Curtis Costanza,William Chumley,Kyle Miller,Steven Page,Mike Howard,Troy Hall,17.20,17.80,35.00,17.20,16.90,17.20,25.65,17.00,17.30,18.80,26.55,87.2
2023-07-28,"Murfreesboro, TN",The Masters of the Summer Music Games,Music City,Ted Wemhoff,Jay Webb,John Howell,Jim Sturgeon,Travis Wingate,Bryan Crisp,Chad Armbruster,Mike Leitzke,15.20,15.70,30.90,15.30,16.00,15.20,23.25,15.20,15.30,15.50,23.00,77.15
2023-07-28,"Murfreesboro, TN",The Masters of the Summer Music Games,Blue Stars,Ted Wemhoff,Jay Webb,John Howell,Jim Sturgeon,Travis Wingate,Bryan Crisp,Chad Armbruster,Mike Leitzke,17.10,17.20,34.30,17.30,17.00,17.50,25.90,17.60,17.00,16.90,25.75,85.95
2023-07-28,"Murfreesboro, TN",The Masters of the Summer Music Games,The Cadets,Ted Wemhoff,Jay Webb,John Howell,Jim Sturgeon,Travis Wingate,Bryan Crisp,Chad Armbruster,Mike Leitzke,17.80,17.40,35.20,18.00,17.60,17.70,26.65,17.50,17.40,18.00,26.45,88.3
2023-07-28,"Murfreesboro, TN",The Masters of the Summer Music Games,Carolina Crown,Ted Wemhoff,Jay Webb,John Howell,Jim Sturgeon,Travis Wingate,Bryan Crisp,Chad Armbruster,Mike Leitzke,18.20,18.60,36.80,18.40,18.30,18.40,27.55,18.80,18.50,17.40,27.35,91.7
2023-07-28,"Murfreesboro, TN",The Masters of the Summer Music Games,Phantom Regiment,Ted Wemhoff,Jay Webb,John Howell,Jim Sturgeon,Travis Wingate,Bryan Crisp,Chad Armbruster,Mike Leitzke,18.00,17.50,35.50,17.80,17.80,17.60,26.60,17.80,17.60,17.80,26.60,88.7
2023-07-28,"Murfreesboro, TN",The Masters of the Summer Music Games,Boston Crusaders,Ted Wemhoff,Jay Webb,John Howell,Jim Sturgeon,Travis Wingate,Bryan Crisp,Chad Armbruster,Mike Leitzke,18.50,18.50,37.00,18.60,18.20,18.50,27.65,18.20,18.30,18.30,27.40,92.05
2023-07-28,"Murfreesboro, TN",The Masters of the Summer Music Games,Blue Devils,Ted Wemhoff,Jay Webb,John Howell,Jim Sturgeon,Travis Wingate,Bryan Crisp,Chad Armbruster,Mike Leitzke,18.80,18.40,37.20,18.90,18.70,18.30,27.95,18.70,18.40,18.40,27.75,92.9
2023-07-30,"Winston-Salem, NC",NightBEAT,Jersey Surf,William Chumley,Chris Moss,Kyle Miller,Tim Pierce,Damon Padilla,Beth Fabrizio,Jeff Harper,Chris Romanowski,14.60,14.50,29.45,14.20,14.60,14.40,21.60,14.90,14.50,14.60,21.625,72.675
2023-07-30,"Winston-Salem, NC",NightBEAT,Seattle Cascades,William Chumley,Chris Moss,Kyle Miller,Tim Pierce,Damon Padilla,Beth Fabrizio,Jeff Harper,Chris Romanowski,14.00,14.30,28.50,14.10,14.10,14.10,21.15,14.60,13.70,13.80,21.325,70.975
2023-07-30,"Winston-Salem, NC",NightBEAT,Genesis,William Chumley,Chris Moss,Kyle Miller,Tim Pierce,Damon Padilla,Beth Fabrizio,Jeff Harper,Chris Romanowski,15.30,15.20,30.15,15.70,14.80,15.30,22.90,15.50,14.80,14.80,22.65,75.7
2023-07-30,"Winston-Salem, NC",NightBEAT,Crossmen,William Chumley,Chris Moss,Kyle Miller,Tim Pierce,Damon Padilla,Beth Fabrizio,Jeff Harper,Chris Romanowski,16.50,15.80,32.45,16.40,16.50,16.80,24.85,16.50,16.00,15.50,24.375,81.675
2023-07-30,"Winston-Salem, NC",NightBEAT,The Academy,William Chumley,Chris Moss,Kyle Miller,Tim Pierce,Damon Padilla,Beth Fabrizio,Jeff Harper,Chris Romanowski,16.30,16.10,31.80,16.30,15.90,16.20,24.20,15.80,15.60,15.40,23.50,79.5
2023-07-30,"Winston-Salem, NC",NightBEAT,Colts,William Chumley,Chris Moss,Kyle Miller,Tim Pierce,Damon Padilla,Beth Fabrizio,Jeff Harper,Chris Romanowski,17.10,17.10,34.30,17.50,17.10,17.40,26.00,17.00,16.80,16.70,25.425,85.725
2023-07-30,"Winston-Salem, NC",NightBEAT,The Cadets,William Chumley,Chris Moss,Kyle Miller,Tim Pierce,Damon Padilla,Beth Fabrizio,Jeff Harper,Chris Romanowski,18.20,17.70,35.70,18.10,17.80,18.00,26.95,18.10,17.90,17.70,27.00,89.65
2023-07-30,"Winston-Salem, NC",NightBEAT,Blue Stars,William Chumley,Chris Moss,Kyle Miller,Tim Pierce,Damon Padilla,Beth Fabrizio,Jeff Harper,Chris Romanowski,17.00,17.40,34.35,17.20,17.30,17.60,26.05,17.70,17.30,17.20,25.975,86.375
2023-07-30,"Winston-Salem, NC",NightBEAT,Mandarins,William Chumley,Chris Moss,Kyle Miller,Tim Pierce,Damon Padilla,Beth Fabrizio,Jeff Harper,Chris Romanowski,18.00,18.00,36.15,17.60,18.00,18.10,26.85,17.10,17.80,17.85,26.263,89.263
2023-07-30,"Winston-Salem, NC",NightBEAT,Bluecoats,William Chumley,Chris Moss,Kyle Miller,Tim Pierce,Damon Padilla,Beth Fabrizio,Jeff Harper,Chris Romanowski,18.70,18.70,37.15,18.90,18.40,18.80,28.05,18.60,18.40,19.00,27.75,92.95
2023-07-30,"Winston-Salem, NC",NightBEAT,Blue Devils,William Chumley,Chris Moss,Kyle Miller,Tim Pierce,Damon Padilla,Beth Fabrizio,Jeff Harper,Chris Romanowski,18.90,18.90,37.90,18.60,19.00,18.90,28.25,18.90,18.80,18.90,28.125,94.275
2023-07-30,"Winston-Salem, NC",NightBEAT,Carolina Crown,William Chumley,Chris Moss,Kyle Miller,Tim Pierce,Damon Padilla,Beth Fabrizio,Jeff Harper,Chris Romanowski,18.40,18.50,37.10,19.00,18.30,18.40,27.85,18.95,18.60,18.80,27.90,92.85
2023-07-31,"Huntington, WV",DCI Huntington,Seattle Cascades,Keith Baker,Todd Zimbelman,Ed Martinez,Bret Mascaro,Don Deems,Paul McGarr,Mark Waymire,Todd Fox,14.10,14.60,28.70,14.50,14.20,13.90,21.30,14.40,14.30,15.10,21.90,71.9
2023-07-31,"Huntington, WV",DCI Huntington,Genesis,Keith Baker,Todd Zimbelman,Ed Martinez,Bret Mascaro,Don Deems,Paul McGarr,Mark Waymire,Todd Fox,15.40,15.50,30.90,15.60,14.60,15.30,22.75,15.50,15.00,15.40,22.95,76.6
2023-07-31,"Huntington, WV",DCI Huntington,Madison Scouts,Keith Baker,Todd Zimbelman,Ed Martinez,Bret Mascaro,Don Deems,Paul McGarr,Mark Waymire,Todd Fox,16.00,16.50,32.50,16.30,16.20,15.90,24.20,15.90,15.90,16.90,24.35,81.05
2023-07-31,"Huntington, WV",DCI Huntington,Spirit of Atlanta,Keith Baker,Todd Zimbelman,Ed Martinez,Bret Mascaro,Don Deems,Paul McGarr,Mark Waymire,Todd Fox,16.40,17.00,33.40,15.90,17.50,16.20,24.80,16.40,16.00,16.50,24.45,82.65
2023-07-31,"Huntington, WV",DCI Huntington,Phantom Regiment,Keith Baker,Todd Zimbelman,Ed Martinez,Bret Mascaro,Don Deems,Paul McGarr,Mark Waymire,Todd Fox,18.10,18.50,36.60,17.90,18.40,18.30,27.30,17.60,18.30,18.10,27.00,90.9
2023-08-01,"Annapolis, MD",Drum Corps: An American Tradition,Jersey Surf,Ted Wemhoff,Todd Zimbelman,John Howell,Sal Adamo,Warren Rickart,Durand Thomas,Andrea Brown,Jeff Brooks,14.70,14.80,29.50,14.30,14.90,14.60,21.90,15.70,14.40,14.30,22.20,73.6
2023-08-01,"Annapolis, MD",Drum Corps: An American Tradition,Blue Knights,Ted Wemhoff,Todd Zimbelman,John Howell,Sal Adamo,Warren Rickart,Durand Thomas,Andrea Brown,Jeff Brooks,16.50,16.10,32.60,17.40,16.10,16.80,25.15,17.00,16.40,17.00,25.20,82.95
2023-08-01,"Annapolis, MD",Drum Corps: An American Tradition,Mandarins,Ted Wemhoff,Todd Zimbelman,John Howell,Sal Adamo,Warren Rickart,Durand Thomas,Andrea Brown,Jeff Brooks,18.20,18.20,36.40,18.20,17.90,18.20,27.15,17.90,18.00,17.90,26.90,90.45
2023-08-01,"Annapolis, MD",Drum Corps: An American Tradition,The Cadets,Ted Wemhoff,Todd Zimbelman,John Howell,Sal Adamo,Warren Rickart,Durand Thomas,Andrea Brown,Jeff Brooks,18.00,18.40,36.40,17.90,18.00,17.90,26.90,18.40,18.20,18.60,27.60,90.9
2023-08-01,"Annapolis, MD",Drum Corps: An American Tradition,Blue Devils,Ted Wemhoff,Todd Zimbelman,John Howell,Sal Adamo,Warren Rickart,Durand Thomas,Andrea Brown,Jeff Brooks,19.10,19.20,38.30,19.00,19.20,19.00,28.60,19.20,18.90,18.50,28.30,95.2
2023-08-01,"Sevierville, TN",Drums Across the Smokies,The Academy,Phil Madden,Mark Waymire,Bruce Jones,Juno Orefice,Tim Hudnall,Joel Denton,Glenn Fugett,Blair Williams,16.10,16.20,32.30,15.40,16.30,16.40,24.05,15.90,15.90,16.10,23.95,80.3
2023-08-01,"Sevierville, TN",Drums Across the Smokies,Crossmen,Phil Madden,Mark Waymire,Bruce Jones,Juno Orefice,Tim Hudnall,Joel Denton,Glenn Fugett,Blair Williams,16.00,16.40,32.40,17.10,16.60,17.10,25.40,16.70,16.50,17.00,25.10,82.9
2023-08-01,"Sevierville, TN",Drums Across the Smokies,Pacific Crest,Phil Madden,Mark Waymire,Bruce Jones,Juno Orefice,Tim Hudnall,Joel Denton,Glenn Fugett,Blair Williams,16.60,16.50,33.10,16.40,16.90,17.00,25.15,16.30,16.20,16.50,24.50,82.75
2023-08-01,"Sevierville, TN",Drums Across the Smokies,Colts,Phil Madden,Mark Waymire,Bruce Jones,Juno Orefice,Tim Hudnall,Joel Denton,Glenn Fugett,Blair Williams,17.20,17.60,34.80,17.40,17.50,17.70,26.30,17.30,17.00,17.70,26.00,87.1
2023-08-01,"Sevierville, TN",Drums Across the Smokies,The Cavaliers,Phil Madden,Mark Waymire,Bruce Jones,Juno Orefice,Tim Hudnall,Joel Denton,Glenn Fugett,Blair Williams,17.30,18.00,35.30,17.80,18.00,17.80,26.80,17.50,17.80,18.70,27.00,89.1
2023-08-01,"Sevierville, TN",Drums Across the Smokies,Music City,Phil Madden,Mark Waymire,Bruce Jones,Juno Orefice,Tim Hudnall,Joel Denton,Glenn Fugett,Blair Williams,15.40,16.70,32.10,15.10,16.00,16.50,23.80,15.40,15.80,16.30,23.75,79.65
2023-08-01,"Salem, VA",Summer Music Games of Southwest Virginia,Seattle Cascades,Don Deems,Paul Smith,Bret Mascaro,Keith Baker,Ed Martinez,Paul McGarr,Marty Griffin,Mike Davis,14.80,15.00,29.80,14.30,14.00,14.10,21.20,14.60,14.20,15.20,22.00,73.0
2023-08-01,"Salem, VA",Summer Music Games of Southwest Virginia,Madison Scouts,Don Deems,Paul Smith,Bret Mascaro,Keith Baker,Ed Martinez,Paul McGarr,Marty Griffin,Mike Davis,16.10,16.90,33.00,16.30,16.20,16.20,24.35,16.00,16.40,16.90,24.65,82.0
2023-08-01,"Salem, VA",Summer Music Games of Southwest Virginia,Troopers,Don Deems,Paul Smith,Bret Mascaro,Keith Baker,Ed Martinez,Paul McGarr,Marty Griffin,Mike Davis,17.50,17.50,35.00,17.20,17.20,17.30,25.85,17.70,17.40,18.00,26.55,87.4
2023-08-01,"Salem, VA",Summer Music Games of Southwest Virginia,Blue Stars,Don Deems,Paul Smith,Bret Mascaro,Keith Baker,Ed Martinez,Paul McGarr,Marty Griffin,Mike Davis,17.90,17.70,35.60,17.10,17.50,18.00,26.30,17.40,17.00,17.10,25.75,87.65
2023-08-01,"Salem, VA",Summer Music Games of Southwest Virginia,Carolina Crown,Don Deems,Paul Smith,Bret Mascaro,Keith Baker,Ed Martinez,Paul McGarr,Marty Griffin,Mike Davis,19.00,18.70,37.70,18.70,18.70,18.50,27.95,19.00,19.00,18.20,28.10,93.75
2023-08-02,"Glassboro, NJ",DCI Glassboro,Jersey Surf,Warren Rickart,Marty Griffin,Sal Adamo,Ted Wemhoff,John Howell,Chester Phillips,Tim Mengel,Paul Smith,14.90,14.70,29.60,14.80,14.90,14.40,22.05,14.40,14.50,15.00,21.95,73.6
2023-08-02,"Glassboro, NJ",DCI Glassboro,Genesis,Warren Rickart,Marty Griffin,Sal Adamo,Ted Wemhoff,John Howell,Chester Phillips,Tim Mengel,Paul Smith,15.60,15.40,31.00,15.70,15.40,15.40,23.25,15.70,15.50,16.30,23.75,78.0
2023-08-02,"Glassboro, NJ",DCI Glassboro,Spirit of Atlanta,Warren Rickart,Marty Griffin,Sal Adamo,Ted Wemhoff,John Howell,Chester Phillips,Tim Mengel,Paul Smith,16.80,16.60,33.40,16.00,16.60,16.40,24.50,16.70,16.80,16.70,25.10,83.0
2023-08-02,"Glassboro, NJ",DCI Glassboro,Madison Scouts,Warren Rickart,Marty Griffin,Sal Adamo,Ted Wemhoff,John Howell,Chester Phillips,Tim Mengel,Paul Smith,16.30,16.80,33.10,16.20,16.40,15.90,24.25,16.60,16.40,17.10,25.05,82.4
2023-08-02,"Glassboro, NJ",DCI Glassboro,Blue Stars,Warren Rickart,Marty Griffin,Sal Adamo,Ted Wemhoff,John Howell,Chester Phillips,Tim Mengel,Paul Smith,17.00,17.50,34.50,17.40,17.30,17.90,26.30,17.60,17.20,17.90,26.35,87.15
2023-08-02,"Glassboro, NJ",DCI Glassboro,The Cadets,Warren Rickart,Marty Griffin,Sal Adamo,Ted Wemhoff,John Howell,Chester Phillips,Tim Mengel,Paul Smith,18.30,18.90,37.20,18.30,18.10,18.20,27.30,18.50,18.40,18.70,27.80,92.3
2023-08-02,"Glassboro, NJ",DCI Glassboro,Bluecoats,Warren Rickart,Marty Griffin,Sal Adamo,Ted Wemhoff,John Howell,Chester Phillips,Tim Mengel,Paul Smith,19.10,19.20,38.30,19.00,19.10,19.20,28.65,18.60,18.90,19.10,28.30,95.25
2023-08-02,"Centerville, OH",Soaring Sounds,Music City,Bruce Jones,Todd Zimbelman,Juno Orefice,Phil Madden,Tim Hudnall,Paul McGarr,David Orser,Jeff Wilson,15.60,16.00,31.60,15.70,16.10,16.60,24.20,15.70,16.00,16.40,24.05,79.85
2023-08-02,"Centerville, OH",Soaring Sounds,The Academy,Bruce Jones,Todd Zimbelman,Juno Orefice,Phil Madden,Tim Hudnall,Paul McGarr,David Orser,Jeff Wilson,16.30,16.60,32.90,16.00,16.50,16.40,24.45,15.90,16.40,16.20,24.25,81.6
2023-08-02,"Centerville, OH",Soaring Sounds,Crossmen,Bruce Jones,Todd Zimbelman,Juno Orefice,Phil Madden,Tim Hudnall,Paul McGarr,David Orser,Jeff Wilson,17.10,16.80,33.90,16.60,17.10,17.30,25.50,16.50,16.80,17.20,25.25,84.65
2023-08-02,"Centerville, OH",Soaring Sounds,Pacific Crest,Bruce Jones,Todd Zimbelman,Juno Orefice,Phil Madden,Tim Hudnall,Paul McGarr,David Orser,Jeff Wilson,16.00,17.00,33.00,16.80,16.90,16.90,25.30,16.10,16.60,16.70,24.70,83.0
2023-08-02,"Centerville, OH",Soaring Sounds,Colts,Bruce Jones,Todd Zimbelman,Juno Orefice,Phil Madden,Tim Hudnall,Paul McGarr,David Orser,Jeff Wilson,17.50,17.80,35.30,17.40,17.40,17.90,26.35,17.10,17.30,17.70,26.05,87.7
2023-08-02,"Centerville, OH",Soaring Sounds,The Cavaliers,Bruce Jones,Todd Zimbelman,Juno Orefice,Phil Madden,Tim Hudnall,Paul McGarr,David Orser,Jeff Wilson,17.90,18.30,36.20,18.20,17.60,18.10,26.95,17.50,17.70,19.00,27.10,90.25
2023-08-03,"Lawrence, MA",DCI East Coast Showcase - Lawrence,Mandarins,George Oliviero,Chester Phillips,Hieu Nguyen,Debbie Torchia,Chris Raichle,David Orser,Brad Huneycutt,Charles Poole,18.30,18.20,36.50,18.30,18.40,18.00,27.35,18.00,18.20,17.90,27.05,90.9
2023-08-03,"Lawrence, MA",DCI East Coast Showcase - Lawrence,Phantom Regiment,George Oliviero,Chester Phillips,Hieu Nguyen,Debbie Torchia,Chris Raichle,David Orser,Brad Huneycutt,Charles Poole,17.90,17.90,35.80,18.50,18.20,17.90,27.30,18.30,18.50,18.30,27.55,90.65
2023-08-03,"Lawrence, MA",DCI East Coast Showcase - Lawrence,Bluecoats,George Oliviero,Chester Phillips,Hieu Nguyen,Debbie Torchia,Chris Raichle,David Orser,Brad Huneycutt,Charles Poole,19.00,19.10,38.10,19.00,18.80,18.70,28.25,18.80,19.10,18.80,28.35,94.7
2023-08-03,"Lawrence, MA",DCI East Coast Showcase - Lawrence,Boston Crusaders,George Oliviero,Chester Phillips,Hieu Nguyen,Debbie Torchia,Chris Raichle,David Orser,Brad Huneycutt,Charles Poole,19.10,18.90,38.00,19.10,18.60,18.90,28.30,19.10,19.30,19.10,28.75,95.05
2023-08-06,"Pittsburgh, PA",DCI Pittsburgh,Seattle Cascades,Damon Padilla,Andrew Cook,Bruce Jones,Bret Mascaro,John Howell,Chris Marra,Todd Fox,Gifford Howarth,15.00,14.80,29.80,15.10,14.70,14.50,22.15,15.40,14.90,15.30,22.80,74.75
2023-08-06,"Pittsburgh, PA",DCI Pittsburgh,Spirit of Atlanta,Damon Padilla,Andrew Cook,Bruce Jones,Bret Mascaro,John Howell,Chris Marra,Todd Fox,Gifford Howarth,16.50,16.50,33.00,16.70,16.90,16.70,25.15,17.20,17.10,17.10,25.70,83.85
2023-08-06,"Pittsburgh, PA",DCI Pittsburgh,Blue Knights,Damon Padilla,Andrew Cook,Bruce Jones,Bret Mascaro,John Howell,Chris Marra,Todd Fox,Gifford Howarth,17.00,16.70,33.70,16.30,16.80,17.50,25.30,17.60,17.30,16.70,25.80,84.8
2023-08-06,"Pittsburgh, PA",DCI Pittsburgh,The Cavaliers,Damon Padilla,Andrew Cook,Bruce Jones,Bret Mascaro,John Howell,Chris Marra,Todd Fox,Gifford Howarth,17.80,17.90,35.70,18.10,18.60,18.30,27.50,18.10,18.30,19.30,27.85,91.05
2023-08-06,"Pittsburgh, PA",DCI Pittsburgh,Carolina Crown,Damon Padilla,Andrew Cook,Bruce Jones,Bret Mascaro,John Howell,Chris Marra,Todd Fox,Gifford Howarth,19.10,19.15,38.25,19.20,19.30,19.10,28.80,19.40,18.90,19.05,28.675,95.725
2023-08-06,"Pittsburgh, PA",DCI Pittsburgh,Blue Devils,Damon Padilla,Andrew Cook,Bruce Jones,Bret Mascaro,John Howell,Chris Marra,Todd Fox,Gifford Howarth,19.40,19.25,38.65,19.00,19.40,19.30,28.85,19.35,19.20,18.70,28.625,96.125
2023-08-07,"Cincinnati, OH",DCI Cincinnati,Madison Scouts,Debbie Torchia,Paul McGarr,Sal Adamo,George Oliviero,Michele Bowers,Andrew Cook,Jay Webb,Troy Hall,16.90,16.30,33.20,16.50,15.60,16.50,24.30,17.00,16.20,17.40,25.30,82.8
2023-08-07,"Cincinnati, OH",DCI Cincinnati,The Academy,Debbie Torchia,Paul McGarr,Sal Adamo,George Oliviero,Michele Bowers,Andrew Cook,Jay Webb,Troy Hall,16.60,16.60,33.20,16.00,16.30,16.60,24.45,16.70,16.70,16.60,25.00,82.65
2023-08-07,"Cincinnati, OH",DCI Cincinnati,Blue Knights,Debbie Torchia,Paul McGarr,Sal Adamo,George Oliviero,Michele Bowers,Andrew Cook,Jay Webb,Troy Hall,17.20,17.20,34.40,16.80,17.30,17.60,25.85,17.50,17.10,17.20,25.90,86.15
2023-08-07,"Cincinnati, OH",DCI Cincinnati,Colts,Debbie Torchia,Paul McGarr,Sal Adamo,George Oliviero,Michele Bowers,Andrew Cook,Jay Webb,Troy Hall,17.70,17.70,35.40,17.80,18.10,17.90,26.90,17.70,17.60,18.10,26.70,89.0
2023-08-07,"Cincinnati, OH",DCI Cincinnati,The Cavaliers,Debbie Torchia,Paul McGarr,Sal Adamo,George Oliviero,Michele Bowers,Andrew Cook,Jay Webb,Troy Hall,18.30,18.10,36.40,18.50,17.90,18.30,27.35,18.30,18.10,19.30,27.85,91.6
2023-08-07,"Cincinnati, OH",DCI Cincinnati,Mandarins,Debbie Torchia,Paul McGarr,Sal Adamo,George Oliviero,Michele Bowers,Andrew Cook,Jay Webb,Troy Hall,18.90,18.40,37.30,18.30,18.60,18.50,27.70,18.25,17.90,18.30,27.225,92.225
